Year,LocationAbbr,LocationDesc,Category,Indicator,Response,Datasource,Data_Value_Unit,Data_Value_Type,Data_Value,Data_Value_Footnote_Symbol,Data_Value_Footnote,High_Confidence_Interval,Low_Confidence_Interval,SampleSize,Break_Out,LocationID,GeoLocation,SortUSFirst,Break_Out_Category,Break_Out_ID,SortBreakOutID,IndicatorID
2016,UT,Utah,Adult,Adults aged 18+ who have visited a dentist or dental clinic in the past year,Yes,BRFSS,%,Crude Prevalence,72.9,,,74.1,71.7,8097,,49,"(39.360700171, -111.587130635)",2,None,,1,ADT1_1
2018,NH,New Hampshire,Adult,Adults aged 18+ who have visited a dentist or dental clinic in the past year,Yes,BRFSS,%,Age-Adjusted,68.0,,,70.0,66.0,5669,,33,"(43.655950113, -71.50036092)",2,None,,1,ADT1_1
2012,MI,Michigan,Adult,Adults aged 18+ who have visited a dentist or dental clinic in the past year,Yes,BRFSS,%,Crude Prevalence,68.0,,,69.3,66.7,7412,,26,"(44.661319543001, -84.71439027)",2,None,,1,ADT1_1
2020,KY,Kentucky,Adult,Adults aged 18+ who have visited a dentist or dental clinic in the past year,Yes,BRFSS,%,Age-Adjusted,57.6,,,59.7,55.5,3896,,21,"(37.645970271, -84.774971048)",2,None,,1,ADT1_1
2016,KS,Kansas,Adult,Adults aged 18+ who have visited a dentist or dental clinic in the past year,Yes,BRFSS,%,Crude Prevalence,66.6,,,67.7,65.5,8303,,20,"(38.3477403, -98.200781227)",2,None,,1,ADT1_1
2016,FL,Florida,Adult,Adults aged 18+ who have visited a dentist or dental clinic in the past year,Yes,BRFSS,%,Crude Prevalence,63.0,,,64.1,61.9,22711,,12,"(28.932040377, -81.928960539)",2,None,,1,ADT1_1
2014,MN,Minnesota,Adult,Adults aged 18+ who have visited a dentist or dental clinic in the past year,Yes,BRFSS,%,Crude Prevalence,72.6,,,73.5,71.7,12204,,27,"(46.355648736, -94.794200503)",2,None,,1,ADT1_1
2016,AZ,Arizona,Adult,Adults aged 18+ who have visited a dentist or dental clinic in the past year,Yes,BRFSS,%,Crude Prevalence,61.3,,,62.9,59.7,7400,,4,"(34.86597028, -111.763811277)",2,None,,1,ADT1_1
2012,NY,New York,Adult,Adults aged 18+ who have visited a dentist or dental clinic in the past year,Yes,BRFSS,%,Crude Prevalence,67.5,,,69.3,65.7,4263,,36,"(42.827001032, -75.543970427)",2,None,,1,ADT1_1
2014,NV,Nevada,Adult,Adults aged 18+ who have visited a dentist or dental clinic in the past year,Yes,BRFSS,%,Crude Prevalence,59.9,,,62.4,57.4,2397,,32,"(39.49324039, -117.071840564)",2,None,,1,ADT1_1
2016,MT,Montana,Adult,Adults aged 18+ who have visited a dentist or dental clinic in the past year,Yes,BRFSS,%,Crude Prevalence,65.5,,,67.3,63.7,3933,,30,"(47.066528972, -109.424420645)",2,None,,1,ADT1_1
2016,VT,Vermont,Adult,Adults aged 18+ who have visited a dentist or dental clinic in the past year,Yes,BRFSS,%,Crude Prevalence,71.9,,,73.5,70.3,4782,,50,"(43.625381239, -72.517640791)",2,None,,1,ADT1_1
2012,NV,Nevada,Adult,Adults aged 18+ who have visited a dentist or dental clinic in the past year,Yes,BRFSS,%,Crude Prevalence,60.8,,,62.8,58.8,3057,,32,"(39.49324039, -117.071840564)",2,None,,1,ADT1_1
2014,SC,South Carolina,Adult,Adults aged 18+ who have visited a dentist or dental clinic in the past year,Yes,BRFSS,%,Crude Prevalence,58.3,,,59.6,57.0,6679,,45,"(33.998821303, -81.045371207)",2,None,,1,ADT1_1
2012,NH,New Hampshire,Adult,Adults aged 18+ who have visited a dentist or dental clinic in the past year,Yes,BRFSS,%,Crude Prevalence,73.1,,,74.6,71.6,5492,,33,"(43.655950113, -71.50036092)",2,None,,1,ADT1_1
2014,IL,Illinois,Adult,Adults aged 18+ who have visited a dentist or dental clinic in the past year,Yes,BRFSS,%,Crude Prevalence,63.9,,,65.7,62.1,3494,,17,"(40.485010283, -88.997710178)",2,None,,1,ADT1_1
2012,AL,Alabama,Adult,Adults aged 18+ who have visited a dentist or dental clinic in the past year,Yes,BRFSS,%,Crude Prevalence,58.6,,,60.1,57.1,5370,,1,"(32.840571122, -86.631860762)",2,None,,1,ADT1_1
2012,HI,Hawaii,Adult,Adults aged 18+ who have visited a dentist or dental clinic in the past year,Yes,BRFSS,%,Crude Prevalence,70.4,,,72.0,68.8,5308,,15,"(21.304850435, -157.857749403)",2,None,,1,ADT1_1
2012,WA,Washington,Adult,Adults aged 18+ who have visited a dentist or dental clinic in the past year,Yes,BRFSS,%,Crude Prevalence,67.6,,,68.7,66.5,10838,,53,"(47.522278629, -120.47001079)",2,None,,1,ADT1_1
2014,ME,Maine,Adult,Adults aged 18+ who have visited a dentist or dental clinic in the past year,Yes,BRFSS,%,Crude Prevalence,63.6,,,65.0,62.2,6154,,23,"(45.254228894001, -68.985031336)",2,None,,1,ADT1_1
2016,VA,Virginia,Adult,Adults aged 18+ who have visited a dentist or dental clinic in the past year,Yes,BRFSS,%,Crude Prevalence,70.5,,,71.7,69.3,6453,,51,"(37.542680674, -78.457890463)",2,None,,1,ADT1_1
2016,OH,Ohio,Adult,Adults aged 18+ who have visited a dentist or dental clinic in the past year,Yes,BRFSS,%,Crude Prevalence,67.9,,,69.2,66.6,8403,,39,"(40.060210161, -82.404260056)",2,None,,1,ADT1_1
2012,OR,Oregon,Adult,Adults aged 18+ who have visited a dentist or dental clinic in the past year,Yes,BRFSS,%,Crude Prevalence,65.3,,,67.1,63.5,3613,,41,"(44.567449424, -120.155031326)",2,None,,1,ADT1_1
2012,AK,Alaska,Adult,Adults aged 18+ who have visited a dentist or dental clinic in the past year,Yes,BRFSS,%,Crude Prevalence,67.4,,,69.4,65.4,2926,,2,"(64.845079957001, -147.722059036)",2,None,,1,ADT1_1
2016,CA,California,Adult,Adults aged 18+ who have visited a dentist or dental clinic in the past year,Yes,BRFSS,%,Crude Prevalence,67.1,,,68.2,66.0,7754,,6,"(37.638640123, -120.999999538)",2,None,,1,ADT1_1
2012,US,United States,Adult,Adults aged 18+ who have visited a dentist or dental clinic in the past year,Yes,BRFSS,%,Crude Prevalence,65.4,,,65.7,65.1,314992,,US,,1,None,,1,ADT1_1
2016,MA,Massachusetts,Adult,Adults aged 18+ who have visited a dentist or dental clinic in the past year,Yes,BRFSS,%,Crude Prevalence,73.7,,,75.1,72.3,6188,,25,"(42.27687047, -72.082690675)",2,None,,1,ADT1_1
2012,GA,Georgia,Adult,Adults aged 18+ who have visited a dentist or dental clinic in the past year,Yes,BRFSS,%,Crude Prevalence,64.1,,,65.8,62.4,3930,,13,"(32.839681093, -83.627580346)",2,None,,1,ADT1_1
2014,PA,Pennsylvania,Adult,Adults aged 18+ who have visited a dentist or dental clinic in the past year,Yes,BRFSS,%,Crude Prevalence,66.8,,,68.1,65.5,7420,,42,"(40.793730152, -77.860700294)",2,None,,1,ADT1_1
2016,DE,Delaware,Adult,Adults aged 18+ who have visited a dentist or dental clinic in the past year,Yes,BRFSS,%,Crude Prevalence,66.2,,,68.2,64.2,2651,,10,"(39.008830667, -75.577741168)",2,None,,1,ADT1_1
2016,IN,Indiana,Adult,Adults aged 18+ who have visited a dentist or dental clinic in the past year,Yes,BRFSS,%,Crude Prevalence,61.9,,,63.3,60.5,7178,,18,"(39.766910452, -86.169960194)",2,None,,1,ADT1_1
2016,AK,Alaska,Adult,Adults aged 18+ who have visited a dentist or dental clinic in the past year,Yes,BRFSS,%,Crude Prevalence,65.4,,,68.3,62.5,1903,,2,"(64.845079957001, -147.722059036)",2,None,,1,ADT1_1
2014,MS,Mississippi,Adult,Adults aged 18+ who have visited a dentist or dental clinic in the past year,Yes,BRFSS,%,Crude Prevalence,56.8,,,58.9,54.7,2432,,28,"(32.745510099, -89.538030825)",2,None,,1,ADT1_1
2012,SC,South Carolina,Adult,Adults aged 18+ who have visited a dentist or dental clinic in the past year,Yes,BRFSS,%,Crude Prevalence,59.6,,,60.9,58.3,7785,,45,"(33.998821303, -81.045371207)",2,None,,1,ADT1_1
2016,WA,Washington,Adult,Adults aged 18+ who have visited a dentist or dental clinic in the past year,Yes,BRFSS,%,Crude Prevalence,68.2,,,69.2,67.2,10089,,53,"(47.522278629, -120.47001079)",2,None,,1,ADT1_1
2012,IN,Indiana,Adult,Adults aged 18+ who have visited a dentist or dental clinic in the past year,Yes,BRFSS,%,Crude Prevalence,62.6,,,64.0,61.2,5424,,18,"(39.766910452, -86.149960194)",2,None,,1,ADT1_1
2014,UT,Utah,Adult,Adults aged 18+ who have visited a dentist or dental clinic in the past year,Yes,BRFSS,%,Crude Prevalence,68.9,,,69.8,68.0,10594,,49,"(39.360700171, -111.587130635)",2,None,,1,ADT1_1
2014,TN,Tennessee,Adult,Adults aged 18+ who have visited a dentist or dental clinic in the past year,Yes,BRFSS,%,Crude Prevalence,58.3,,,60.3,56.3,2993,,47,"(35.68094058, -85.774490914)",2,None,,1,ADT1_1
2016,RI,Rhode Island,Adult,Adults aged 18+ who have visited a dentist or dental clinic in the past year,Yes,BRFSS,%,Crude Prevalence,75.8,,,77.5,74.1,4151,,44,"(41.708280193, -71.522470314)",2,None,,1,ADT1_1
2012,RI,Rhode Island,Adult,Adults aged 18+ who have visited a dentist or dental clinic in the past year,Yes,BRFSS,%,Crude Prevalence,73.6,,,75.3,71.9,4117,,44,"(41.708280193, -71.522470314)",2,None,,1,ADT1_1
2014,HI,Hawaii,Adult,Adults aged 18+ who have visited a dentist or dental clinic in the past year,Yes,BRFSS,%,Crude Prevalence,71.6,,,73.1,70.1,5151,,15,"(21.304850435, -157.857749403)",2,None,,1,ADT1_1
2014,LA,Louisiana,Adult,Adults aged 18+ who have visited a dentist or dental clinic in the past year,Yes,BRFSS,%,Crude Prevalence,58.3,,,59.8,56.8,4022,,22,"(31.312660644, -92.445680071)",2,None,,1,ADT1_1
2012,SD,South Dakota,Adult,Adults aged 18+ who have visited a dentist or dental clinic in the past year,Yes,BRFSS,%,Crude Prevalence,70.9,,,72.5,69.3,5551,,46,"(44.353130053, -100.373530637)",2,None,,1,ADT1_1
2014,CA,California,Adult,Adults aged 18+ who have visited a dentist or dental clinic in the past year,Yes,BRFSS,%,Crude Prevalence,65.1,,,66.4,63.8,5977,,6,"(37.638640123, -120.999999538)",2,None,,1,ADT1_1
2014,AZ,Arizona,Adult,Adults aged 18+ who have visited a dentist or dental clinic in the past year,Yes,BRFSS,%,Crude Prevalence,59.0,,,60.4,57.6,9652,,4,"(34.86597028, -111.763811277)",2,None,,1,ADT1_1
2012,NE,Nebraska,Adult,Adults aged 18+ who have visited a dentist or dental clinic in the past year,Yes,BRFSS,%,Crude Prevalence,67.6,,,68.6,66.6,12779,,31,"(41.641040988001, -99.365720623)",2,None,,1,ADT1_1
2014,NH,New Hampshire,Adult,Adults aged 18+ who have visited a dentist or dental clinic in the past year,Yes,BRFSS,%,Crude Prevalence,69.4,,,71.1,67.7,4391,,33,"(43.655950113, -71.50036092)",2,None,,1,ADT1_1
2012,KS,Kansas,Adult,Adults aged 18+ who have visited a dentist or dental clinic in the past year,Yes,BRFSS,%,Crude Prevalence,67.3,,,68.5,66.1,8310,,20,"(38.3477403, -98.200781227)",2,None,,1,ADT1_1
2012,TN,Tennessee,Adult,Adults aged 18+ who have visited a dentist or dental clinic in the past year,Yes,BRFSS,%,Crude Prevalence,61.4,,,63.0,59.8,4208,,47,"(35.68094058, -85.774490914)",2,None,,1,ADT1_1
2012,TX,Texas,Adult,Adults aged 18+ who have visited a dentist or dental clinic in the past year,Yes,BRFSS,%,Crude Prevalence,58.8,,,60.3,57.3,5558,,48,"(31.827240407, -99.426770206)",2,None,,1,ADT1_1
2016,MI,Michigan,Adult,Adults aged 18+ who have visited a dentist or dental clinic in the past year,Yes,BRFSS,%,Crude Prevalence,70.1,,,71.2,69.0,8710,,26,"(44.661319543001, -84.71639027)",2,None,,1,ADT1_1
2016,PA,Pennsylvania,Adult,Adults aged 18+ who have visited a dentist or dental clinic in the past year,Yes,BRFSS,%,Crude Prevalence,66.4,,,67.9,64.9,4654,,42,"(40.793730152, -77.860700294)",2,None,,1,ADT1_1
2012,MT,Montana,Adult,Adults aged 18+ who have visited a dentist or dental clinic in the past year,Yes,BRFSS,%,Crude Prevalence,61.0,,,62.4,59.6,5342,,30,"(47.066528972, -109.424420645)",2,None,,1,ADT1_1
2012,IA,Iowa,Adult,Adults aged 18+ who have visited a dentist or dental clinic in the past year,Yes,BRFSS,%,Crude Prevalence,71.1,,,72.5,69.7,5208,,19,"(42.469400913, -93.816490556)",2,None,,1,ADT1_1
2018,VA,Virginia,Adult,Adults aged 18+ who have visited a dentist or dental clinic in the past year,Yes,BRFSS,%,Age-Adjusted,71.5,,,72.8,70.2,10192,,51,"(37.542680674, -78.457890463)",2,None,,1,ADT1_1
2016,HI,Hawaii,Adult,Adults aged 18+ who have visited a dentist or dental clinic in the past year,Yes,BRFSS,%,Crude Prevalence,72.7,,,74.1,71.3,5956,,15,"(21.304850435, -157.857749403)",2,None,,1,ADT1_1
2012,ND,North Dakota,Adult,Adults aged 18+ who have visited a dentist or dental clinic in the past year,Yes,BRFSS,%,Crude Prevalence,67.2,,,69.0,65.4,3389,,38,"(47.475319779, -100.118421049)",2,None,,1,ADT1_1
2014,FL,Florida,Adult,Adults aged 18+ who have visited a dentist or dental clinic in the past year,Yes,BRFSS,%,Crude Prevalence,61.9,,,63.3,60.5,6475,,12,"(28.932040377, -81.928960539)",2,None,,1,ADT1_1
2014,MO,Missouri,Adult,Adults aged 18+ who have visited a dentist or dental clinic in the past year,Yes,BRFSS,%,Crude Prevalence,58.6,,,60.3,56.9,4104,,29,"(38.635790776, -92.566300053)",2,None,,1,ADT1_1
2016,MS,Mississippi,Adult,Adults aged 18+ who have visited a dentist or dental clinic in the past year,Yes,BRFSS,%,Crude Prevalence,57.0,,,58.9,55.1,2880,,28,"(32.745510099, -89.538030825)",2,None,,1,ADT1_1
2016,NV,Nevada,Adult,Adults aged 18+ who have visited a dentist or dental clinic in the past year,Yes,BRFSS,%,Crude Prevalence,60.4,,,62.6,58.2,2788,,32,"(39.49324039, -117.071840564)",2,None,,1,ADT1_1
2012,WV,West Virginia,Adult,Adults aged 18+ who have visited a dentist or dental clinic in the past year,Yes,BRFSS,%,Crude Prevalence,56.4,,,58.0,54.8,3068,,54,"(38.665510202, -80.712640135)",2,None,,1,ADT1_1
2016,SC,South Carolina,Adult,Adults aged 18+ who have visited a dentist or dental clinic in the past year,Yes,BRFSS,%,Crude Prevalence,60.0,,,61.3,58.7,6874,,45,"(33.998821303, -81.045371207)",2,None,,1,ADT1_1
2016,OK,Oklahoma,Adult,Adults aged 18+ who have visited a dentist or dental clinic in the past year,Yes,BRFSS,%,Crude Prevalence,58.2,,,59.8,56.6,4281,,40,"(35.472031356, -97.521070214)",2,None,,1,ADT1_1
2012,FL,Florida,Adult,Adults aged 18+ who have visited a dentist or dental clinic in the past year,Yes,BRFSS,%,Crude Prevalence,59.8,,,61.6,58.0,4810,,12,"(28.932040377, -81.928960539)",2,None,,1,ADT1_1
2016,TX,Texas,Adult,Adults aged 18+ who have visited a dentist or dental clinic in the past year,Yes,BRFSS,%,Crude Prevalence,59.4,,,61.1,57.7,7407,,48,"(31.827240407, -99.426770206)",2,None,,1,ADT1_1
2020,NM,New Mexico,Adult,Adults aged 18+ who have visited a dentist or dental clinic in the past year,Yes,BRFSS,%,Crude Prevalence,63.7,,,65.6,61.8,4563,,35,"(34.520880952, -106.240580985)",2,None,,1,ADT1_1
2012,CA,California,Adult,Adults aged 18+ who have visited a dentist or dental clinic in the past year,Yes,BRFSS,%,Crude Prevalence,67.0,,,68.1,65.9,10172,,6,"(37.638640123, -120.999999538)",2,None,,1,ADT1_1
2016,ID,Idaho,Adult,Adults aged 18+ who have visited a dentist or dental clinic in the past year,Yes,BRFSS,%,Crude Prevalence,63.3,,,65.3,61.3,3403,,16,"(43.682630005, -116.363730042)",2,None,,1,ADT1_1
2012,AZ,Arizona,Adult,Adults aged 18+ who have visited a dentist or dental clinic in the past year,Yes,BRFSS,%,Crude Prevalence,61.6,,,63.5,59.7,4625,,4,"(34.86597028, -111.763811277)",2,None,,1,ADT1_1
2014,KY,Kentucky,Adult,Adults aged 18+ who have visited a dentist or dental clinic in the past year,Yes,BRFSS,%,Crude Prevalence,61.0,,,62.5,59.5,6817,,21,"(37.645970271, -84.774971048)",2,None,,1,ADT1_1
2012,WY,Wyoming,Adult,Adults aged 18+ who have visited a dentist or dental clinic in the past year,Yes,BRFSS,%,Crude Prevalence,66.0,,,68.0,64.0,4271,,56,"(43.235541343, -108.109830353)",2,None,,1,ADT1_1
2016,OR,Oregon,Adult,Adults aged 18+ who have visited a dentist or dental clinic in the past year,Yes,BRFSS,%,Crude Prevalence,67.9,,,69.4,66.4,3772,,41,"(44.567449424, -120.155031326)",2,None,,1,ADT1_1
2012,MS,Mississippi,Adult,Adults aged 18+ who have visited a dentist or dental clinic in the past year,Yes,BRFSS,%,Crude Prevalence,55.4,,,57.0,53.8,4231,,28,"(32.745510099, -89.538030825)",2,None,,1,ADT1_1
2012,MD,Maryland,Adult,Adults aged 18+ who have visited a dentist or dental clinic in the past year,Yes,BRFSS,%,Crude Prevalence,72.7,,,74.1,71.3,9568,,24,"(39.290580964, -76.609260111)",2,None,,1,ADT1_1
2014,SD,South Dakota,Adult,Adults aged 18+ who have visited a dentist or dental clinic in the past year,Yes,BRFSS,%,Crude Prevalence,70.5,,,72.4,68.6,5262,,46,"(44.353130053, -100.373530637)",2,None,,1,ADT1_1
2014,IA,Iowa,Adult,Adults aged 18+ who have visited a dentist or dental clinic in the past year,Yes,BRFSS,%,Crude Prevalence,69.4,,,70.7,68.1,5814,,19,"(42.469400913, -93.816490556)",2,None,,1,ADT1_1
2012,WI,Wisconsin,Adult,Adults aged 18+ who have visited a dentist or dental clinic in the past year,Yes,BRFSS,%,Crude Prevalence,72.0,,,73.8,70.2,3871,,55,"(44.393191174, -89.816370742)",2,None,,1,ADT1_1
2014,NJ,New Jersey,Adult,Adults aged 18+ who have visited a dentist or dental clinic in the past year,Yes,BRFSS,%,Crude Prevalence,70.1,,,71.3,68.9,9394,,34,"(40.130570048, -74.273691288)",2,None,,1,ADT1_1
2014,DC,District Columbia,Adult,Adults aged 18+ who have visited a dentist or dental clinic in the past year,Yes,BRFSS,%,Crude Prevalence,70.8,,,73.3,68.3,3003,,11,"(38.890371385, -77.031961127)",2,None,,1,ADT1_1
2012,MO,Missouri,Adult,Adults aged 18+ who have visited a dentist or dental clinic in the past year,Yes,BRFSS,%,Crude Prevalence,61.8,,,63.5,60.1,4030,,29,"(38.635790776, -92.566300053)",2,None,,1,ADT1_1
2014,ND,North Dakota,Adult,Adults aged 18+ who have visited a dentist or dental clinic in the past year,Yes,BRFSS,%,Crude Prevalence,65.5,,,67.3,63.7,5374,,38,"(47.475319779, -100.118421049)",2,None,,1,ADT1_1
2012,NC,North Carolina,Adult,Adults aged 18+ who have visited a dentist or dental clinic in the past year,Yes,BRFSS,%,Crude Prevalence,64.9,,,66.0,63.8,7783,,37,"(35.466220975, -79.159250463)",2,None,,1,ADT1_1
2014,KS,Kansas,Adult,Adults aged 18+ who have visited a dentist or dental clinic in the past year,Yes,BRFSS,%,Crude Prevalence,67.3,,,68.3,66.3,9477,,20,"(38.3477403, -98.200781227)",2,None,,1,ADT1_1
2016,DC,District Columbia,Adult,Adults aged 18+ who have visited a dentist or dental clinic in the past year,Yes,BRFSS,%,Crude Prevalence,76.0,,,77.9,74.1,2908,,11,"(38.890371385, -77.031961127)",2,None,,1,ADT1_1
2014,PR,Puerto Rico,Adult,Adults aged 18+ who have visited a dentist or dental clinic in the past year,Yes,BRFSS,%,Crude Prevalence,65.8,,,67.4,64.2,3956,,72,"(18.220833, -66.590149)",2,None,,1,ADT1_1
2016,PR,Puerto Rico,Adult,Adults aged 18+ who have visited a dentist or dental clinic in the past year,Yes,BRFSS,%,Crude Prevalence,69.5,,,71.2,67.8,4035,,72,"(18.220833, -66.590169)",2,None,,1,ADT1_1
2016,NE,Nebraska,Adult,Adults aged 18+ who have visited a dentist or dental clinic in the past year,Yes,BRFSS,%,Crude Prevalence,68.7,,,69.9,67.5,10319,,31,"(41.641040988001, -99.365720623)",2,None,,1,ADT1_1
2014,OR,Oregon,Adult,Adults aged 18+ who have visited a dentist or dental clinic in the past year,Yes,BRFSS,%,Crude Prevalence,65.7,,,67.5,63.9,3558,,41,"(44.567449424, -120.155031326)",2,None,,1,ADT1_1
2016,NC,North Carolina,Adult,Adults aged 18+ who have visited a dentist or dental clinic in the past year,Yes,BRFSS,%,Crude Prevalence,63.6,,,65.1,62.1,4167,,37,"(35.466220975, -79.159250463)",2,None,,1,ADT1_1
2014,RI,Rhode Island,Adult,Adults aged 18+ who have visited a dentist or dental clinic in the past year,Yes,BRFSS,%,Crude Prevalence,72.1,,,73.7,70.5,4816,,44,"(41.708280193, -71.522470314)",2,None,,1,ADT1_1
2018,LA,Louisiana,Adult,Adults aged 18+ who have visited a dentist or dental clinic in the past year,Yes,BRFSS,%,Age-Adjusted,57.9,,,59.8,56.0,5037,,22,"(31.312660644, -92.445680071)",2,None,,1,ADT1_1
2016,GA,Georgia,Adult,Adults aged 18+ who have visited a dentist or dental clinic in the past year,Yes,BRFSS,%,Crude Prevalence,63.1,,,64.8,61.4,3434,,13,"(32.839681093, -83.627580346)",2,None,,1,ADT1_1
2014,WV,West Virginia,Adult,Adults aged 18+ who have visited a dentist or dental clinic in the past year,Yes,BRFSS,%,Crude Prevalence,54.2,,,55.7,52.7,3492,,54,"(38.665510202, -80.712640135)",2,None,,1,ADT1_1
2014,OK,Oklahoma,Adult,Adults aged 18+ who have visited a dentist or dental clinic in the past year,Yes,BRFSS,%,Crude Prevalence,56.8,,,58.2,55.4,4919,,40,"(35.472031356, -97.521070214)",2,None,,1,ADT1_1
2016,ND,North Dakota,Adult,Adults aged 18+ who have visited a dentist or dental clinic in the past year,Yes,BRFSS,%,Crude Prevalence,66.1,,,67.8,64.4,3957,,38,"(47.475319779, -100.118421049)",2,None,,1,ADT1_1
2014,US,United States,Adult,Adults aged 18+ who have visited a dentist or dental clinic in the past year,Yes,BRFSS,%,Crude Prevalence,64.4,,,64.7,64.1,307508,,US,,1,None,,1,ADT1_1
2014,MD,Maryland,Adult,Adults aged 18+ who have visited a dentist or dental clinic in the past year,Yes,BRFSS,%,Crude Prevalence,70.2,,,71.8,68.6,9304,,24,"(39.290580964, -76.609260111)",2,None,,1,ADT1_1
2016,US,United States,Adult,Adults aged 18+ who have visited a dentist or dental clinic in the past year,Yes,BRFSS,%,Crude Prevalence,65.7,,,66.0,65.4,323299,,US,,1,None,,1,ADT1_1
2014,NE,Nebraska,Adult,Adults aged 18+ who have visited a dentist or dental clinic in the past year,Yes,BRFSS,%,Crude Prevalence,66.4,,,67.4,65.4,14862,,31,"(41.641040988001, -99.365720623)",2,None,,1,ADT1_1
2014,TX,Texas,Adult,Adults aged 18+ who have visited a dentist or dental clinic in the past year,Yes,BRFSS,%,Crude Prevalence,58.2,,,59.6,56.8,9653,,48,"(31.827240407, -99.426770206)",2,None,,1,ADT1_1
2014,NM,New Mexico,Adult,Adults aged 18+ who have visited a dentist or dental clinic in the past year,Yes,BRFSS,%,Crude Prevalence,61.3,,,62.9,59.7,5629,,35,"(34.520880952, -106.240580985)",2,None,,1,ADT1_1
2018,PA,Pennsylvania,Adult,Adults aged 18+ who have visited a dentist or dental clinic in the past year,Yes,BRFSS,%,Crude Prevalence,69.5,,,71.0,68.0,4308,,42,"(40.793730152, -77.860700294)",2,None,,1,ADT1_1
2012,CT,Connecticut,Adult,Adults aged 18+ who have visited a dentist or dental clinic in the past year,Yes,BRFSS,%,Crude Prevalence,76.1,,,77.4,74.8,6772,,9,"(41.56266102, -72.649840952)",2,None,,1,ADT1_1
2018,NY,New York,Adult,Adults aged 18+ who have visited a dentist or dental clinic in the past year,Yes,BRFSS,%,Age-Adjusted,69.8,,,70.7,68.9,35229,,36,"(42.827001032, -75.543970427)",2,None,,1,ADT1_1
2018,CA,California,Adult,Adults aged 18+ who have visited a dentist or dental clinic in the past year,Yes,BRFSS,%,Age-Adjusted,67.2,,,68.3,66.1,11864,,6,"(37.638640123, -120.999999538)",2,None,,1,ADT1_1
2014,MI,Michigan,Adult,Adults aged 18+ who have visited a dentist or dental clinic in the past year,Yes,BRFSS,%,Crude Prevalence,68.6,,,69.9,67.3,6188,,26,"(44.661319543001, -84.71439027)",2,None,,1,ADT1_1
2020,NV,Nevada,Adult,Adults aged 18+ who have visited a dentist or dental clinic in the past year,Yes,BRFSS,%,Crude Prevalence,60.8,,,63.6,58.0,1594,,32,"(39.49324039, -117.071840564)",2,None,,1,ADT1_1
2012,VT,Vermont,Adult,Adults aged 18+ who have visited a dentist or dental clinic in the past year,Yes,BRFSS,%,Crude Prevalence,70.8,,,72.3,69.3,4377,,50,"(43.625381239, -72.517640791)",2,None,,1,ADT1_1
2020,WY,Wyoming,Adult,Adults aged 18+ who have visited a dentist or dental clinic in the past year,Yes,BRFSS,%,Age-Adjusted,65.5,,,67.6,63.4,4771,,56,"(43.235541343, -108.109830353)",2,None,,1,ADT1_1
2014,DE,Delaware,Adult,Adults aged 18+ who have visited a dentist or dental clinic in the past year,Yes,BRFSS,%,Crude Prevalence,66.5,,,68.6,64.4,2894,,10,"(39.008830667, -75.577741168)",2,None,,1,ADT1_1
2014,NC,North Carolina,Adult,Adults aged 18+ who have visited a dentist or dental clinic in the past year,Yes,BRFSS,%,Crude Prevalence,64.2,,,65.6,62.8,4713,,37,"(35.466220975, -79.159250463)",2,None,,1,ADT1_1
2014,GU,Guam,Adult,Adults aged 18+ who have visited a dentist or dental clinic in the past year,Yes,BRFSS,%,Crude Prevalence,54.0,,,56.8,51.2,1479,,66,"(13.444304, 144.793731)",2,None,,1,ADT1_1
2012,NM,New Mexico,Adult,Adults aged 18+ who have visited a dentist or dental clinic in the past year,Yes,BRFSS,%,Crude Prevalence,60.9,,,62.2,59.6,5519,,35,"(34.520880952, -106.240580985)",2,None,,1,ADT1_1
2012,DE,Delaware,Adult,Adults aged 18+ who have visited a dentist or dental clinic in the past year,Yes,BRFSS,%,Crude Prevalence,70.0,,,71.8,68.2,3738,,10,"(39.008830667, -75.577741168)",2,None,,1,ADT1_1
2016,NJ,New Jersey,Adult,Adults aged 18+ who have visited a dentist or dental clinic in the past year,Yes,BRFSS,%,Crude Prevalence,73.4,,,75.0,71.8,5629,,34,"(40.130570048, -74.273691288)",2,None,,1,ADT1_1
2012,UT,Utah,Adult,Adults aged 18+ who have visited a dentist or dental clinic in the past year,Yes,BRFSS,%,Crude Prevalence,68.4,,,69.6,67.2,8839,,49,"(39.360700171, -111.587130635)",2,None,,1,ADT1_1
2012,KY,Kentucky,Adult,Adults aged 18+ who have visited a dentist or dental clinic in the past year,Yes,BRFSS,%,Crude Prevalence,60.3,,,61.7,58.9,6601,,21,"(37.645970271, -84.774971048)",2,None,,1,ADT1_1
2014,AK,Alaska,Adult,Adults aged 18+ who have visited a dentist or dental clinic in the past year,Yes,BRFSS,%,Crude Prevalence,64.4,,,66.4,62.4,2921,,2,"(64.845079957001, -147.722059036)",2,None,,1,ADT1_1
2012,NJ,New Jersey,Adult,Adults aged 18+ who have visited a dentist or dental clinic in the past year,Yes,BRFSS,%,Crude Prevalence,71.2,,,72.3,70.1,11438,,34,"(40.130570048, -74.273691288)",2,None,,1,ADT1_1
2012,OK,Oklahoma,Adult,Adults aged 18+ who have visited a dentist or dental clinic in the past year,Yes,BRFSS,%,Crude Prevalence,58.9,,,60.3,57.5,4611,,40,"(35.472031356, -97.521070214)",2,None,,1,ADT1_1
2014,AR,Arkansas,Adult,Adults aged 18+ who have visited a dentist or dental clinic in the past year,Yes,BRFSS,%,Crude Prevalence,57.1,,,59.2,55.0,3047,,5,"(34.748650124, -92.274490743)",2,None,,1,ADT1_1
2012,PA,Pennsylvania,Adult,Adults aged 18+ who have visited a dentist or dental clinic in the past year,Yes,BRFSS,%,Crude Prevalence,68.5,,,69.5,67.5,13486,,42,"(40.793730152, -77.860700294)",2,None,,1,ADT1_1
2012,MA,Massachusetts,Adult,Adults aged 18+ who have visited a dentist or dental clinic in the past year,Yes,BRFSS,%,Crude Prevalence,76.2,,,77.1,75.3,16154,,25,"(42.27687047, -72.082690675)",2,None,,1,ADT1_1
2016,CT,Connecticut,Adult,Adults aged 18+ who have visited a dentist or dental clinic in the past year,Yes,BRFSS,%,Crude Prevalence,77.8,,,78.9,76.7,8847,,9,"(41.56266102, -72.649840952)",2,None,,1,ADT1_1
2012,CO,Colorado,Adult,Adults aged 18+ who have visited a dentist or dental clinic in the past year,Yes,BRFSS,%,Crude Prevalence,65.3,,,66.5,64.1,8236,,8,"(38.843840757, -106.133610921)",2,None,,1,ADT1_1
2012,ID,Idaho,Adult,Adults aged 18+ who have visited a dentist or dental clinic in the past year,Yes,BRFSS,%,Crude Prevalence,67.6,,,69.7,65.5,3945,,16,"(43.682630005, -114.363730042)",2,None,,1,ADT1_1
2012,DC,District Columbia,Adult,Adults aged 18+ who have visited a dentist or dental clinic in the past year,Yes,BRFSS,%,Crude Prevalence,71.1,,,73.5,68.7,2872,,11,"(38.890371385, -77.031961127)",2,None,,1,ADT1_1
2014,WI,Wisconsin,Adult,Adults aged 18+ who have visited a dentist or dental clinic in the past year,Yes,BRFSS,%,Crude Prevalence,70.1,,,71.7,68.5,5085,,55,"(44.393191174, -89.816370742)",2,None,,1,ADT1_1
2014,MA,Massachusetts,Adult,Adults aged 18+ who have visited a dentist or dental clinic in the past year,Yes,BRFSS,%,Crude Prevalence,74.7,,,75.8,73.6,11538,,25,"(42.27687047, -72.082690675)",2,None,,1,ADT1_1
2012,MN,Minnesota,Adult,Adults aged 18+ who have visited a dentist or dental clinic in the past year,Yes,BRFSS,%,Crude Prevalence,74.8,,,75.9,73.7,9403,,27,"(46.355648736, -94.794200503)",2,None,,1,ADT1_1
2016,MO,Missouri,Adult,Adults aged 18+ who have visited a dentist or dental clinic in the past year,Yes,BRFSS,%,Crude Prevalence,61.3,,,63.1,59.5,4312,,29,"(38.635790776, -92.566300053)",2,None,,1,ADT1_1
2016,AL,Alabama,Adult,Adults aged 18+ who have visited a dentist or dental clinic in the past year,Yes,BRFSS,%,Crude Prevalence,62.3,,,63.8,60.8,4286,,1,"(32.840571122, -86.631860762)",2,None,,1,ADT1_1
2014,CT,Connecticut,Adult,Adults aged 18+ who have visited a dentist or dental clinic in the past year,Yes,BRFSS,%,Crude Prevalence,74.9,,,76.3,73.5,6193,,9,"(41.56266102, -72.649840952)",2,None,,1,ADT1_1
2014,ID,Idaho,Adult,Adults aged 18+ who have visited a dentist or dental clinic in the past year,Yes,BRFSS,%,Crude Prevalence,64.3,,,66.2,62.4,3526,,16,"(43.682630005, -114.363730042)",2,None,,1,ADT1_1
2016,KY,Kentucky,Adult,Adults aged 18+ who have visited a dentist or dental clinic in the past year,Yes,BRFSS,%,Crude Prevalence,61.8,,,63.3,60.3,6467,,21,"(37.645970271, -84.774971048)",2,None,,1,ADT1_1
2014,VT,Vermont,Adult,Adults aged 18+ who have visited a dentist or dental clinic in the past year,Yes,BRFSS,%,Crude Prevalence,72.2,,,73.5,70.9,4741,,50,"(43.625381239, -72.517640791)",2,None,,1,ADT1_1
2012,ME,Maine,Adult,Adults aged 18+ who have visited a dentist or dental clinic in the past year,Yes,BRFSS,%,Crude Prevalence,65.3,,,66.5,64.1,6694,,23,"(45.254228894001, -68.985031336)",2,None,,1,ADT1_1
2014,MT,Montana,Adult,Adults aged 18+ who have visited a dentist or dental clinic in the past year,Yes,BRFSS,%,Crude Prevalence,62.6,,,64.3,60.9,4791,,30,"(47.066528972, -109.424420645)",2,None,,1,ADT1_1
2016,MD,Maryland,Adult,Adults aged 18+ who have visited a dentist or dental clinic in the past year,Yes,BRFSS,%,Crude Prevalence,68.6,,,69.7,67.5,13173,,24,"(39.290580964, -76.609260111)",2,None,,1,ADT1_1
2012,PR,Puerto Rico,Adult,Adults aged 18+ who have visited a dentist or dental clinic in the past year,Yes,BRFSS,%,Crude Prevalence,67.9,,,69.3,66.5,4275,,72,"(18.220833, -66.590149)",2,None,,1,ADT1_1
2016,WV,West Virginia,Adult,Adults aged 18+ who have visited a dentist or dental clinic in the past year,Yes,BRFSS,%,Crude Prevalence,57.6,,,59.0,56.2,4233,,54,"(38.665510202, -80.712640135)",2,None,,1,ADT1_1
2012,AR,Arkansas,Adult,Adults aged 18+ who have visited a dentist or dental clinic in the past year,Yes,BRFSS,%,Crude Prevalence,54.9,,,56.8,53.0,2926,,5,"(34.748650124, -92.274490743)",2,None,,1,ADT1_1
2014,AL,Alabama,Adult,Adults aged 18+ who have visited a dentist or dental clinic in the past year,Yes,BRFSS,%,Crude Prevalence,60.0,,,61.5,58.5,5143,,1,"(32.840571122, -86.631860762)",2,None,,1,ADT1_1
2016,CO,Colorado,Adult,Adults aged 18+ who have visited a dentist or dental clinic in the past year,Yes,BRFSS,%,Crude Prevalence,67.0,,,68.0,66.0,10388,,8,"(38.843840757, -106.133610921)",2,None,,1,ADT1_1
2012,LA,Louisiana,Adult,Adults aged 18+ who have visited a dentist or dental clinic in the past year,Yes,BRFSS,%,Crude Prevalence,56.1,,,57.8,54.4,4933,,22,"(31.312660644, -92.445680071)",2,None,,1,ADT1_1
2012,IL,Illinois,Adult,Adults aged 18+ who have visited a dentist or dental clinic in the past year,Yes,BRFSS,%,Crude Prevalence,66.9,,,68.8,65.0,3847,,17,"(40.485010283, -88.997710178)",2,None,,1,ADT1_1
2014,VA,Virginia,Adult,Adults aged 18+ who have visited a dentist or dental clinic in the past year,Yes,BRFSS,%,Crude Prevalence,69.3,,,70.6,68.0,6762,,51,"(37.542680674, -78.457890463)",2,None,,1,ADT1_1
2016,AR,Arkansas,Adult,Adults aged 18+ who have visited a dentist or dental clinic in the past year,Yes,BRFSS,%,Crude Prevalence,57.6,,,60.1,55.1,3216,,5,"(34.748650124, -92.274490743)",2,None,,1,ADT1_1
2012,OH,Ohio,Adult,Adults aged 18+ who have visited a dentist or dental clinic in the past year,Yes,BRFSS,%,Crude Prevalence,67.6,,,68.8,66.4,8853,,39,"(40.060210141, -82.404260056)",2,None,,1,ADT1_1
2016,MN,Minnesota,Adult,Adults aged 18+ who have visited a dentist or dental clinic in the past year,Yes,BRFSS,%,Crude Prevalence,73.9,,,74.7,73.1,12606,,27,"(46.355648736, -94.794200503)",2,None,,1,ADT1_1
2016,GU,Guam,Adult,Adults aged 18+ who have visited a dentist or dental clinic in the past year,Yes,BRFSS,%,Crude Prevalence,57.2,,,60.9,53.5,970,,66,"(13.444304, 164.793731)",2,None,,1,ADT1_1
2018,PA,Pennsylvania,Adult,Adults aged 18+ who have visited a dentist or dental clinic in the past year,Yes,BRFSS,%,Age-Adjusted,69.4,,,71.0,67.8,6169,,42,"(40.793730152, -77.860700294)",2,None,,1,ADT1_1
2014,OH,Ohio,Adult,Adults aged 18+ who have visited a dentist or dental clinic in the past year,Yes,BRFSS,%,Crude Prevalence,65.3,,,66.7,63.9,7214,,39,"(40.060210141, -82.404260056)",2,None,,1,ADT1_1
2012,VA,Virginia,Adult,Adults aged 18+ who have visited a dentist or dental clinic in the past year,Yes,BRFSS,%,Crude Prevalence,70.4,,,71.8,69.0,5439,,51,"(37.542680674, -78.457890463)",2,None,,1,ADT1_1
2014,WA,Washington,Adult,Adults aged 18+ who have visited a dentist or dental clinic in the past year,Yes,BRFSS,%,Crude Prevalence,66.9,,,68.3,65.5,7232,,53,"(47.522278629, -120.47001079)",2,None,,1,ADT1_1
2016,SD,South Dakota,Adult,Adults aged 18+ who have visited a dentist or dental clinic in the past year,Yes,BRFSS,%,Crude Prevalence,70.3,,,72.4,68.2,4124,,46,"(44.353130053, -100.373530637)",2,None,,1,ADT1_1
2016,NH,New Hampshire,Adult,Adults aged 18+ who have visited a dentist or dental clinic in the past year,Yes,BRFSS,%,Crude Prevalence,71.9,,,73.5,70.3,4616,,33,"(43.655950113, -71.50036092)",2,None,,1,ADT1_1
2012,GU,Guam,Adult,Adults aged 18+ who have visited a dentist or dental clinic in the past year,Yes,BRFSS,%,Crude Prevalence,53.7,,,56.6,50.8,1138,,66,"(13.444304, 144.793731)",2,None,,1,ADT1_1
2016,NM,New Mexico,Adult,Adults aged 18+ who have visited a dentist or dental clinic in the past year,Yes,BRFSS,%,Crude Prevalence,62.3,,,64.1,60.5,3799,,35,"(34.520880952, -106.240580985)",2,None,,1,ADT1_1
2014,WY,Wyoming,Adult,Adults aged 18+ who have visited a dentist or dental clinic in the past year,Yes,BRFSS,%,Crude Prevalence,65.0,,,67.1,62.9,4403,,56,"(43.235541343, -108.109830353)",2,None,,1,ADT1_1
2016,TN,Tennessee,Adult,Adults aged 18+ who have visited a dentist or dental clinic in the past year,Yes,BRFSS,%,Crude Prevalence,59.1,,,60.9,57.3,3691,,47,"(35.68094058, -85.774490914)",2,None,,1,ADT1_1
2016,VI,Virgin Islands,Adult,Adults aged 18+ who have visited a dentist or dental clinic in the past year,Yes,BRFSS,%,Crude Prevalence,50.8,,,55.2,46.4,696,,78,"(18.335765, -64.896335)",2,None,,1,ADT1_1
2016,IA,Iowa,Adult,Adults aged 18+ who have visited a dentist or dental clinic in the past year,Yes,BRFSS,%,Crude Prevalence,71.3,,,72.7,69.9,5270,,19,"(42.469400913, -93.816490556)",2,None,,1,ADT1_1
2016,IL,Illinois,Adult,Adults aged 18+ who have visited a dentist or dental clinic in the past year,Yes,BRFSS,%,Crude Prevalence,65.5,,,67.2,63.8,3208,,17,"(40.485010283, -88.997710178)",2,None,,1,ADT1_1
2014,IN,Indiana,Adult,Adults aged 18+ who have visited a dentist or dental clinic in the past year,Yes,BRFSS,%,Crude Prevalence,61.5,,,62.7,60.3,7555,,18,"(39.766910452, -86.149960194)",2,None,,1,ADT1_1
2016,LA,Louisiana,Adult,Adults aged 18+ who have visited a dentist or dental clinic in the past year,Yes,BRFSS,%,Crude Prevalence,56.6,,,58.8,54.4,3066,,22,"(31.312660644, -92.445680071)",2,None,,1,ADT1_1
2016,ME,Maine,Adult,Adults aged 18+ who have visited a dentist or dental clinic in the past year,Yes,BRFSS,%,Crude Prevalence,63.6,,,65.1,62.1,6703,,23,"(45.254228894001, -68.985031336)",2,None,,1,ADT1_1
2014,NY,New York,Adult,Adults aged 18+ who have visited a dentist or dental clinic in the past year,Yes,BRFSS,%,Crude Prevalence,67.3,,,68.8,65.8,4753,,36,"(42.827001032, -75.543970427)",2,None,,1,ADT1_1
2016,NY,New York,Adult,Adults aged 18+ who have visited a dentist or dental clinic in the past year,Yes,BRFSS,%,Crude Prevalence,68.5,,,69.5,67.5,23156,,36,"(42.827001032, -75.543970427)",2,None,,1,ADT1_1
2014,CO,Colorado,Adult,Adults aged 18+ who have visited a dentist or dental clinic in the past year,Yes,BRFSS,%,Crude Prevalence,67.0,,,68.1,65.9,9234,,8,"(38.843840757, -106.133610921)",2,None,,1,ADT1_1
2014,GA,Georgia,Adult,Adults aged 18+ who have visited a dentist or dental clinic in the past year,Yes,BRFSS,%,Crude Prevalence,60.6,,,62.3,58.9,4062,,13,"(32.839681093, -83.627580346)",2,None,,1,ADT1_1
2018,ND,North Dakota,Adult,Adults aged 18+ who have visited a dentist or dental clinic in the past year,Yes,BRFSS,%,Crude Prevalence,67.6,,,69.4,65.8,3943,,38,"(47.475319779, -100.118421049)",2,None,,1,ADT1_1
2018,NJ,New Jersey,Adult,Adults aged 18+ who have visited a dentist or dental clinic in the past year,Yes,BRFSS,%,Crude Prevalence,72.2,,,74.8,69.6,2237,,34,"(40.130570048, -74.273691288)",2,None,,1,ADT1_1
2020,MI,Michigan,Adult,Adults aged 18+ who have visited a dentist or dental clinic in the past year,Yes,BRFSS,%,Crude Prevalence,69.2,,,70.7,67.7,5262,,26,"(44.661319543001, -84.71439027)",2,None,,1,ADT1_1
2020,AR,Arkansas,Adult,Adults aged 18+ who have visited a dentist or dental clinic in the past year,Yes,BRFSS,%,Crude Prevalence,57.0,,,59.0,55.0,3124,,5,"(34.748650124, -92.274490743)",2,None,,1,ADT1_1
2020,IA,Iowa,Adult,Adults aged 18+ who have visited a dentist or dental clinic in the past year,Yes,BRFSS,%,Crude Prevalence,68.1,,,69.2,67.0,6674,,19,"(42.469400913, -93.816490556)",2,None,,1,ADT1_1
2020,WA,Washington,Adult,Adults aged 18+ who have visited a dentist or dental clinic in the past year,Yes,BRFSS,%,Crude Prevalence,69.3,,,70.4,68.2,8980,,53,"(47.522278629, -120.47001079)",2,None,,1,ADT1_1
2020,GA,Georgia,Adult,Adults aged 18+ who have visited a dentist or dental clinic in the past year,Yes,BRFSS,%,Crude Prevalence,60.7,,,62.4,59.0,5434,,13,"(32.839681093, -83.627580346)",2,None,,1,ADT1_1
2018,DC,District Columbia,Adult,Adults aged 18+ who have visited a dentist or dental clinic in the past year,Yes,BRFSS,%,Crude Prevalence,73.8,,,75.6,72.0,3237,,11,"(38.890371385, -77.031961127)",2,None,,1,ADT1_1
2018,MI,Michigan,Adult,Adults aged 18+ who have visited a dentist or dental clinic in the past year,Yes,BRFSS,%,Crude Prevalence,71.0,,,72.2,69.8,7504,,26,"(44.661319543001, -84.71439027)",2,None,,1,ADT1_1
2018,ME,Maine,Adult,Adults aged 18+ who have visited a dentist or dental clinic in the past year,Yes,BRFSS,%,Age-Adjusted,64.8,,,66.6,63.0,10804,,23,"(45.254228894001, -68.985031336)",2,None,,1,ADT1_1
2020,ND,North Dakota,Adult,Adults aged 18+ who have visited a dentist or dental clinic in the past year,Yes,BRFSS,%,Crude Prevalence,66.3,,,68.3,64.3,3014,,38,"(47.475319779, -100.118421049)",2,None,,1,ADT1_1
2018,GU,Guam,Adult,Adults aged 18+ who have visited a dentist or dental clinic in the past year,Yes,BRFSS,%,Age-Adjusted,57.3,,,60.7,53.9,1627,,66,"(13.444304, 164.793731)",2,None,,1,ADT1_1
2018,WY,Wyoming,Adult,Adults aged 18+ who have visited a dentist or dental clinic in the past year,Yes,BRFSS,%,Age-Adjusted,67.7,,,69.6,65.8,4428,,56,"(43.235541343, -108.109830353)",2,None,,1,ADT1_1
2020,SC,South Carolina,Adult,Adults aged 18+ who have visited a dentist or dental clinic in the past year,Yes,BRFSS,%,Crude Prevalence,67.7,,,69.6,65.8,2722,,45,"(33.998821303, -81.045371207)",2,None,,1,ADT1_1
2018,GA,Georgia,Adult,Adults aged 18+ who have visited a dentist or dental clinic in the past year,Yes,BRFSS,%,Crude Prevalence,62.5,,,63.8,61.2,5893,,13,"(32.839681093, -83.627580346)",2,None,,1,ADT1_1
2016,WI,Wisconsin,Adult,Adults aged 18+ who have visited a dentist or dental clinic in the past year,Yes,BRFSS,%,Crude Prevalence,72.6,,,74.3,70.9,3872,,55,"(44.393191174, -89.816370742)",2,None,,1,ADT1_1
2018,NJ,New Jersey,Adult,Adults aged 18+ who have visited a dentist or dental clinic in the past year,Yes,BRFSS,%,Age-Adjusted,71.3,,,74.0,68.6,3065,,34,"(40.130570048, -74.273691288)",2,None,,1,ADT1_1
2020,NE,Nebraska,Adult,Adults aged 18+ who have visited a dentist or dental clinic in the past year,Yes,BRFSS,%,Crude Prevalence,68.1,,,69.2,67.0,9990,,31,"(41.641040988001, -99.365720623)",2,None,,1,ADT1_1
2018,PR,Puerto Rico,Adult,Adults aged 18+ who have visited a dentist or dental clinic in the past year,Yes,BRFSS,%,Age-Adjusted,70.4,,,72.1,68.7,4791,,72,"(18.220833, -66.590149)",2,None,,1,ADT1_1
2020,AR,Arkansas,Adult,Adults aged 18+ who have visited a dentist or dental clinic in the past year,Yes,BRFSS,%,Age-Adjusted,57.1,,,59.2,55.0,5163,,5,"(34.748650124, -92.274490743)",2,None,,1,ADT1_1
2020,KS,Kansas,Adult,Adults aged 18+ who have visited a dentist or dental clinic in the past year,Yes,BRFSS,%,Age-Adjusted,67.2,,,68.4,66.0,10391,,20,"(38.3477403, -98.200781227)",2,None,,1,ADT1_1
2020,IN,Indiana,Adult,Adults aged 18+ who have visited a dentist or dental clinic in the past year,Yes,BRFSS,%,Age-Adjusted,62.8,,,64.1,61.5,8384,,18,"(39.766910452, -86.149960194)",2,None,,1,ADT1_1
2018,NV,Nevada,Adult,Adults aged 18+ who have visited a dentist or dental clinic in the past year,Yes,BRFSS,%,Crude Prevalence,64.7,,,67.2,62.2,2080,,32,"(39.49324039, -117.071840564)",2,None,,1,ADT1_1
2018,GA,Georgia,Adult,Adults aged 18+ who have visited a dentist or dental clinic in the past year,Yes,BRFSS,%,Age-Adjusted,62.3,,,63.6,61.0,9151,,13,"(32.839681093, -83.627580346)",2,None,,1,ADT1_1
2018,WA,Washington,Adult,Adults aged 18+ who have visited a dentist or dental clinic in the past year,Yes,BRFSS,%,Age-Adjusted,69.0,,,70.1,67.9,13034,,53,"(47.522278629, -120.47001079)",2,None,,1,ADT1_1
2020,SD,South Dakota,Adult,Adults aged 18+ who have visited a dentist or dental clinic in the past year,Yes,BRFSS,%,Age-Adjusted,69.4,,,72.0,66.8,6822,,46,"(44.353130053, -100.373530637)",2,None,,1,ADT1_1
2020,OH,Ohio,Adult,Adults aged 18+ who have visited a dentist or dental clinic in the past year,Yes,BRFSS,%,Age-Adjusted,65.2,,,66.4,64.0,14452,,39,"(40.060210141, -82.404260056)",2,None,,1,ADT1_1
2020,MI,Michigan,Adult,Adults aged 18+ who have visited a dentist or dental clinic in the past year,Yes,BRFSS,%,Age-Adjusted,68.6,,,70.2,67.0,7210,,26,"(44.661319543001, -84.71439027)",2,None,,1,ADT1_1
2020,OH,Ohio,Adult,Adults aged 18+ who have visited a dentist or dental clinic in the past year,Yes,BRFSS,%,Crude Prevalence,65.3,,,66.4,64.2,9407,,39,"(40.060210141, -82.404260056)",2,None,,1,ADT1_1
2018,SC,South Carolina,Adult,Adults aged 18+ who have visited a dentist or dental clinic in the past year,Yes,BRFSS,%,Crude Prevalence,61.8,,,63.1,60.5,6910,,45,"(33.998821303, -81.045371207)",2,None,,1,ADT1_1
2018,FL,Florida,Adult,Adults aged 18+ who have visited a dentist or dental clinic in the past year,Yes,BRFSS,%,Age-Adjusted,64.9,,,66.6,63.2,15039,,12,"(28.932040377, -81.928960539)",2,None,,1,ADT1_1
2020,AL,Alabama,Adult,Adults aged 18+ who have visited a dentist or dental clinic in the past year,Yes,BRFSS,%,Age-Adjusted,61.3,,,63.1,59.5,5291,,1,"(32.840571122, -86.631860762)",2,None,,1,ADT1_1
2020,RI,Rhode Island,Adult,Adults aged 18+ who have visited a dentist or dental clinic in the past year,Yes,BRFSS,%,Age-Adjusted,73.7,,,75.6,71.8,5311,,44,"(41.708280193, -71.522470314)",2,None,,1,ADT1_1
2018,IL,Illinois,Adult,Adults aged 18+ who have visited a dentist or dental clinic in the past year,Yes,BRFSS,%,Age-Adjusted,68.0,,,69.6,66.4,5275,,17,"(40.485010283, -88.997710178)",2,None,,1,ADT1_1
2018,WI,Wisconsin,Adult,Adults aged 18+ who have visited a dentist or dental clinic in the past year,Yes,BRFSS,%,Crude Prevalence,71.2,,,72.9,69.5,3622,,55,"(44.393191174, -89.816370742)",2,None,,1,ADT1_1
2020,WI,Wisconsin,Adult,Adults aged 18+ who have visited a dentist or dental clinic in the past year,Yes,BRFSS,%,Age-Adjusted,71.3,,,73.2,69.4,5072,,55,"(44.393191174, -89.816370742)",2,None,,1,ADT1_1
2018,MD,Maryland,Adult,Adults aged 18+ who have visited a dentist or dental clinic in the past year,Yes,BRFSS,%,Crude Prevalence,66.8,,,68.0,65.6,12351,,24,"(39.290580964, -76.609260111)",2,None,,1,ADT1_1
2020,MT,Montana,Adult,Adults aged 18+ who have visited a dentist or dental clinic in the past year,Yes,BRFSS,%,Age-Adjusted,63.9,,,65.5,62.3,6267,,30,"(47.066528972, -109.424420645)",2,None,,1,ADT1_1
2020,NE,Nebraska,Adult,Adults aged 18+ who have visited a dentist or dental clinic in the past year,Yes,BRFSS,%,Age-Adjusted,67.8,,,69.0,66.6,14686,,31,"(41.641040988001, -99.365720623)",2,None,,1,ADT1_1
2020,PA,Pennsylvania,Adult,Adults aged 18+ who have visited a dentist or dental clinic in the past year,Yes,BRFSS,%,Age-Adjusted,67.7,,,69.4,66.0,5494,,42,"(40.793730152, -77.860700294)",2,None,,1,ADT1_1
2020,MA,Massachusetts,Adult,Adults aged 18+ who have visited a dentist or dental clinic in the past year,Yes,BRFSS,%,Age-Adjusted,72.9,,,74.4,71.4,7099,,25,"(42.27687047, -72.082690675)",2,None,,1,ADT1_1
2018,US,United States,Adult,Adults aged 18+ who have visited a dentist or dental clinic in the past year,Yes,BRFSS,%,Crude Prevalence,66.5,,,66.8,66.2,296047,,US,,2,None,,1,ADT1_1
2020,NH,New Hampshire,Adult,Adults aged 18+ who have visited a dentist or dental clinic in the past year,Yes,BRFSS,%,Age-Adjusted,68.7,,,70.5,66.9,6373,,33,"(43.655950113, -71.50036092)",2,None,,1,ADT1_1
2020,MD,Maryland,Adult,Adults aged 18+ who have visited a dentist or dental clinic in the past year,Yes,BRFSS,%,Crude Prevalence,66.2,,,67.4,65.0,9695,,24,"(39.290580964, -76.609260111)",2,None,,1,ADT1_1
2020,NJ,New Jersey,Adult,Adults aged 18+ who have visited a dentist or dental clinic in the past year,Yes,BRFSS,%,Crude Prevalence,68.1,,,69.3,66.9,7851,,34,"(40.130570048, -74.273691288)",2,None,,1,ADT1_1
2018,ND,North Dakota,Adult,Adults aged 18+ who have visited a dentist or dental clinic in the past year,Yes,BRFSS,%,Age-Adjusted,67.6,,,69.4,65.8,5589,,38,"(47.475319779, -100.118421049)",2,None,,1,ADT1_1
2020,MA,Massachusetts,Adult,Adults aged 18+ who have visited a dentist or dental clinic in the past year,Yes,BRFSS,%,Crude Prevalence,73.3,,,74.8,71.8,5406,,25,"(42.27687047, -72.082690675)",2,None,,1,ADT1_1
2020,WV,West Virginia,Adult,Adults aged 18+ who have visited a dentist or dental clinic in the past year,Yes,BRFSS,%,Age-Adjusted,58.1,,,59.8,56.4,5814,,54,"(38.665510202, -80.712640135)",2,None,,1,ADT1_1
2018,NV,Nevada,Adult,Adults aged 18+ who have visited a dentist or dental clinic in the past year,Yes,BRFSS,%,Age-Adjusted,64.9,,,67.4,62.4,3203,,32,"(39.49324039, -117.071840564)",2,None,,1,ADT1_1
2018,HI,Hawaii,Adult,Adults aged 18+ who have visited a dentist or dental clinic in the past year,Yes,BRFSS,%,Crude Prevalence,75.3,,,76.6,74.0,5851,,15,"(21.304850435, -157.857749403)",2,None,,1,ADT1_1
2018,AK,Alaska,Adult,Adults aged 18+ who have visited a dentist or dental clinic in the past year,Yes,BRFSS,%,Crude Prevalence,69.3,,,71.9,66.7,1882,,2,"(64.845079957001, -147.722059036)",2,None,,1,ADT1_1
2020,NY,New York,Adult,Adults aged 18+ who have visited a dentist or dental clinic in the past year,Yes,BRFSS,%,Age-Adjusted,66.3,,,67.4,65.2,14542,,36,"(42.827001032, -75.543970427)",2,None,,1,ADT1_1
2020,GU,Guam,Adult,Adults aged 18+ who have visited a dentist or dental clinic in the past year,Yes,BRFSS,%,Crude Prevalence,58.8,,,62.6,55.0,1376,,66,"(13.444304, 164.793731)",2,None,,1,ADT1_1
2018,SD,South Dakota,Adult,Adults aged 18+ who have visited a dentist or dental clinic in the past year,Yes,BRFSS,%,Age-Adjusted,67.7,,,69.9,65.5,7019,,46,"(44.353130053, -100.373530637)",2,None,,1,ADT1_1
2020,NC,North Carolina,Adult,Adults aged 18+ who have visited a dentist or dental clinic in the past year,Yes,BRFSS,%,Crude Prevalence,65.5,,,67.1,63.9,3838,,37,"(35.466220975, -79.159250463)",2,None,,1,ADT1_1
2020,MS,Mississippi,Adult,Adults aged 18+ who have visited a dentist or dental clinic in the past year,Yes,BRFSS,%,Age-Adjusted,58.3,,,60.0,56.6,6322,,28,"(32.745510099, -89.538030825)",2,None,,1,ADT1_1
2020,CA,California,Adult,Adults aged 18+ who have visited a dentist or dental clinic in the past year,Yes,BRFSS,%,Crude Prevalence,64.6,,,66.5,62.7,3185,,6,"(37.638640123, -120.999999538)",2,None,,1,ADT1_1
2020,MO,Missouri,Adult,Adults aged 18+ who have visited a dentist or dental clinic in the past year,Yes,BRFSS,%,Crude Prevalence,63.0,,,64.3,61.7,5718,,29,"(38.635790776, -92.566300053)",2,None,,1,ADT1_1
2020,DC,District Columbia,Adult,Adults aged 18+ who have visited a dentist or dental clinic in the past year,Yes,BRFSS,%,Age-Adjusted,68.1,,,70.2,66.0,3404,,11,"(38.890371385, -77.031961127)",2,None,,1,ADT1_1
2020,OK,Oklahoma,Adult,Adults aged 18+ who have visited a dentist or dental clinic in the past year,Yes,BRFSS,%,Age-Adjusted,59.7,,,61.5,57.9,4896,,40,"(35.472031356, -97.521070214)",2,None,,1,ADT1_1
2018,SD,South Dakota,Adult,Adults aged 18+ who have visited a dentist or dental clinic in the past year,Yes,BRFSS,%,Crude Prevalence,68.0,,,70.1,65.9,4879,,46,"(44.353130053, -100.373530637)",2,None,,1,ADT1_1
2018,RI,Rhode Island,Adult,Adults aged 18+ who have visited a dentist or dental clinic in the past year,Yes,BRFSS,%,Crude Prevalence,72.3,,,74.0,70.6,4149,,44,"(41.708280193, -71.522470314)",2,None,,1,ADT1_1
2020,VA,Virginia,Adult,Adults aged 18+ who have visited a dentist or dental clinic in the past year,Yes,BRFSS,%,Crude Prevalence,70.0,,,71.3,68.7,6700,,51,"(37.542680674, -78.457890463)",2,None,,1,ADT1_1
2018,CO,Colorado,Adult,Adults aged 18+ who have visited a dentist or dental clinic in the past year,Yes,BRFSS,%,Crude Prevalence,67.6,,,68.8,66.4,6229,,8,"(38.843840757, -106.133610921)",2,None,,1,ADT1_1
2018,MD,Maryland,Adult,Adults aged 18+ who have visited a dentist or dental clinic in the past year,Yes,BRFSS,%,Age-Adjusted,66.6,,,67.8,65.4,17372,,24,"(39.290580964, -76.609260111)",2,None,,1,ADT1_1
2020,VA,Virginia,Adult,Adults aged 18+ who have visited a dentist or dental clinic in the past year,Yes,BRFSS,%,Age-Adjusted,69.7,,,71.1,68.3,9446,,51,"(37.542680674, -78.457890463)",2,None,,1,ADT1_1
2020,ID,Idaho,Adult,Adults aged 18+ who have visited a dentist or dental clinic in the past year,Yes,BRFSS,%,Age-Adjusted,67.4,,,69.2,65.6,5912,,16,"(43.682630005, -116.363730042)",2,None,,1,ADT1_1
2020,TX,Texas,Adult,Adults aged 18+ who have visited a dentist or dental clinic in the past year,Yes,BRFSS,%,Crude Prevalence,57.5,,,59.3,55.7,6005,,48,"(31.827240407, -99.426770206)",2,None,,1,ADT1_1
2020,MS,Mississippi,Adult,Adults aged 18+ who have visited a dentist or dental clinic in the past year,Yes,BRFSS,%,Crude Prevalence,57.7,,,59.3,56.1,3626,,28,"(32.745510099, -89.538030825)",2,None,,1,ADT1_1
2018,ME,Maine,Adult,Adults aged 18+ who have visited a dentist or dental clinic in the past year,Yes,BRFSS,%,Crude Prevalence,65.3,,,66.8,63.8,7238,,23,"(45.254228894001, -68.985031336)",2,None,,1,ADT1_1
2020,IA,Iowa,Adult,Adults aged 18+ who have visited a dentist or dental clinic in the past year,Yes,BRFSS,%,Age-Adjusted,67.8,,,69.0,66.6,9569,,19,"(42.469400913, -93.816490556)",2,None,,1,ADT1_1
2020,WA,Washington,Adult,Adults aged 18+ who have visited a dentist or dental clinic in the past year,Yes,BRFSS,%,Age-Adjusted,69.2,,,70.3,68.1,12802,,53,"(47.522278629, -120.47001079)",2,None,,1,ADT1_1
2020,DC,District Columbia,Adult,Adults aged 18+ who have visited a dentist or dental clinic in the past year,Yes,BRFSS,%,Crude Prevalence,67.9,,,70.0,65.8,2403,,11,"(38.890371385, -77.031961127)",2,None,,1,ADT1_1
2020,GU,Guam,Adult,Adults aged 18+ who have visited a dentist or dental clinic in the past year,Yes,BRFSS,%,Age-Adjusted,57.6,,,61.5,53.7,2164,,66,"(13.444304, 164.793731)",2,None,,1,ADT1_1
2020,WI,Wisconsin,Adult,Adults aged 18+ who have visited a dentist or dental clinic in the past year,Yes,BRFSS,%,Crude Prevalence,71.8,,,73.6,70.0,3675,,55,"(44.393191174, -89.816370742)",2,None,,1,ADT1_1
2018,VT,Vermont,Adult,Adults aged 18+ who have visited a dentist or dental clinic in the past year,Yes,BRFSS,%,Crude Prevalence,72.6,,,74.2,71.0,4786,,50,"(43.625381239, -72.517640791)",2,None,,1,ADT1_1
2018,KS,Kansas,Adult,Adults aged 18+ who have visited a dentist or dental clinic in the past year,Yes,BRFSS,%,Crude Prevalence,67.9,,,69.0,66.8,7494,,20,"(38.3477403, -98.200781227)",2,None,,1,ADT1_1
2018,MT,Montana,Adult,Adults aged 18+ who have visited a dentist or dental clinic in the past year,Yes,BRFSS,%,Age-Adjusted,66.0,,,67.9,64.1,5124,,30,"(47.066528972, -109.424420645)",2,None,,1,ADT1_1
2020,FL,Florida,Adult,Adults aged 18+ who have visited a dentist or dental clinic in the past year,Yes,BRFSS,%,Crude Prevalence,61.2,,,63.1,59.3,6954,,12,"(28.932040377, -81.928960539)",2,None,,1,ADT1_1
2018,WV,West Virginia,Adult,Adults aged 18+ who have visited a dentist or dental clinic in the past year,Yes,BRFSS,%,Age-Adjusted,55.9,,,57.8,54.0,4838,,54,"(38.665510202, -80.712640135)",2,None,,1,ADT1_1
2018,MT,Montana,Adult,Adults aged 18+ who have visited a dentist or dental clinic in the past year,Yes,BRFSS,%,Crude Prevalence,66.4,,,68.2,64.6,3407,,30,"(47.066528972, -109.424420645)",2,None,,1,ADT1_1
2018,MI,Michigan,Adult,Adults aged 18+ who have visited a dentist or dental clinic in the past year,Yes,BRFSS,%,Age-Adjusted,70.5,,,71.7,69.3,10231,,26,"(44.661319543001, -84.71439027)",2,None,,1,ADT1_1
2020,NY,New York,Adult,Adults aged 18+ who have visited a dentist or dental clinic in the past year,Yes,BRFSS,%,Crude Prevalence,66.7,,,67.8,65.6,10021,,36,"(42.827001032, -75.543970427)",2,None,,1,ADT1_1
2018,OK,Oklahoma,Adult,Adults aged 18+ who have visited a dentist or dental clinic in the past year,Yes,BRFSS,%,Crude Prevalence,60.4,,,62.1,58.7,3275,,40,"(35.472031356, -97.521070214)",2,None,,1,ADT1_1
2018,MS,Mississippi,Adult,Adults aged 18+ who have visited a dentist or dental clinic in the past year,Yes,BRFSS,%,Age-Adjusted,54.4,,,56.2,52.6,5728,,28,"(32.745510099, -89.538030825)",2,None,,1,ADT1_1
2018,DC,District Columbia,Adult,Adults aged 18+ who have visited a dentist or dental clinic in the past year,Yes,BRFSS,%,Age-Adjusted,73.7,,,75.4,72.0,4359,,11,"(38.890371385, -77.031961127)",2,None,,1,ADT1_1
2018,ID,Idaho,Adult,Adults aged 18+ who have visited a dentist or dental clinic in the past year,Yes,BRFSS,%,Crude Prevalence,65.7,,,67.8,63.6,2472,,16,"(43.682630005, -116.363730042)",2,None,,1,ADT1_1
2018,OK,Oklahoma,Adult,Adults aged 18+ who have visited a dentist or dental clinic in the past year,Yes,BRFSS,%,Age-Adjusted,60.2,,,62.0,58.4,5190,,40,"(35.472031356, -97.521070214)",2,None,,1,ADT1_1
2016,WY,Wyoming,Adult,Adults aged 18+ who have visited a dentist or dental clinic in the past year,Yes,BRFSS,%,Crude Prevalence,66.7,,,68.9,64.5,3131,,56,"(43.235541343, -108.109830353)",2,None,,1,ADT1_1
2020,SC,South Carolina,Adult,Adults aged 18+ who have visited a dentist or dental clinic in the past year,Yes,BRFSS,%,Age-Adjusted,67.7,,,69.7,65.7,3952,,45,"(33.998821303, -81.045371207)",2,None,,1,ADT1_1
2018,TX,Texas,Adult,Adults aged 18+ who have visited a dentist or dental clinic in the past year,Yes,BRFSS,%,Crude Prevalence,60.7,,,62.6,58.8,6888,,48,"(31.827240407, -99.426770206)",2,None,,1,ADT1_1
2018,OH,Ohio,Adult,Adults aged 18+ who have visited a dentist or dental clinic in the past year,Yes,BRFSS,%,Age-Adjusted,67.5,,,68.9,66.1,12638,,39,"(40.060210141, -82.404260056)",2,None,,1,ADT1_1
2018,VT,Vermont,Adult,Adults aged 18+ who have visited a dentist or dental clinic in the past year,Yes,BRFSS,%,Age-Adjusted,72.8,,,74.5,71.1,6473,,50,"(43.625381239, -72.517640791)",2,None,,1,ADT1_1
2018,MN,Minnesota,Adult,Adults aged 18+ who have visited a dentist or dental clinic in the past year,Yes,BRFSS,%,Age-Adjusted,73.5,,,74.4,72.6,16875,,27,"(46.355648736, -94.794200503)",2,None,,1,ADT1_1
2020,MO,Missouri,Adult,Adults aged 18+ who have visited a dentist or dental clinic in the past year,Yes,BRFSS,%,Age-Adjusted,63.0,,,64.4,61.6,9073,,29,"(38.635790776, -92.566300053)",2,None,,1,ADT1_1
2020,RI,Rhode Island,Adult,Adults aged 18+ who have visited a dentist or dental clinic in the past year,Yes,BRFSS,%,Crude Prevalence,74.2,,,76.0,72.4,4008,,44,"(41.708280193, -71.522470314)",2,None,,1,ADT1_1
2020,NV,Nevada,Adult,Adults aged 18+ who have visited a dentist or dental clinic in the past year,Yes,BRFSS,%,Age-Adjusted,60.7,,,63.6,57.8,2460,,32,"(39.49324039, -117.071840564)",2,None,,1,ADT1_1
2018,NM,New Mexico,Adult,Adults aged 18+ who have visited a dentist or dental clinic in the past year,Yes,BRFSS,%,Age-Adjusted,64.6,,,66.3,62.9,6686,,35,"(34.520880952, -106.240580985)",2,None,,1,ADT1_1
2018,NH,New Hampshire,Adult,Adults aged 18+ who have visited a dentist or dental clinic in the past year,Yes,BRFSS,%,Crude Prevalence,68.9,,,70.7,67.1,4091,,33,"(43.655950113, -71.50036092)",2,None,,1,ADT1_1
2018,AL,Alabama,Adult,Adults aged 18+ who have visited a dentist or dental clinic in the past year,Yes,BRFSS,%,Crude Prevalence,60.8,,,62.4,59.2,4072,,1,"(32.840571122, -86.631860762)",2,None,,1,ADT1_1
2020,ME,Maine,Adult,Adults aged 18+ who have visited a dentist or dental clinic in the past year,Yes,BRFSS,%,Crude Prevalence,66.7,,,68.1,65.3,7442,,23,"(45.254228894001, -68.985031336)",2,None,,1,ADT1_1
2018,CT,Connecticut,Adult,Adults aged 18+ who have visited a dentist or dental clinic in the past year,Yes,BRFSS,%,Age-Adjusted,76.1,,,77.4,74.8,10617,,9,"(41.56266102, -72.649840952)",2,None,,1,ADT1_1
2020,IL,Illinois,Adult,Adults aged 18+ who have visited a dentist or dental clinic in the past year,Yes,BRFSS,%,Age-Adjusted,68.4,,,70.5,66.3,3627,,17,"(40.485010283, -88.997710178)",2,None,,1,ADT1_1
2020,UT,Utah,Adult,Adults aged 18+ who have visited a dentist or dental clinic in the past year,Yes,BRFSS,%,Crude Prevalence,73.0,,,74.1,71.9,8019,,49,"(39.360700171, -111.587130635)",2,None,,1,ADT1_1
2020,ME,Maine,Adult,Adults aged 18+ who have visited a dentist or dental clinic in the past year,Yes,BRFSS,%,Age-Adjusted,65.9,,,67.6,64.2,10795,,23,"(45.254228894001, -68.985031336)",2,None,,1,ADT1_1
2020,CA,California,Adult,Adults aged 18+ who have visited a dentist or dental clinic in the past year,Yes,BRFSS,%,Age-Adjusted,64.3,,,66.2,62.4,4779,,6,"(37.638640123, -120.999999538)",2,None,,1,ADT1_1
2020,WY,Wyoming,Adult,Adults aged 18+ who have visited a dentist or dental clinic in the past year,Yes,BRFSS,%,Crude Prevalence,65.4,,,67.4,63.4,3353,,56,"(43.235541343, -108.109830353)",2,None,,1,ADT1_1
2018,MO,Missouri,Adult,Adults aged 18+ who have visited a dentist or dental clinic in the past year,Yes,BRFSS,%,Age-Adjusted,63.5,,,65.4,61.6,6141,,29,"(38.635790776, -92.566300053)",2,None,,1,ADT1_1
2020,US,United States,Adult,Adults aged 18+ who have visited a dentist or dental clinic in the past year,Yes,BRFSS,%,Crude Prevalence,64.8,,,65.2,64.4,267045,,US,,2,None,,1,ADT1_1
2018,TN,Tennessee,Adult,Adults aged 18+ who have visited a dentist or dental clinic in the past year,Yes,BRFSS,%,Age-Adjusted,58.0,,,60.0,56.0,5067,,47,"(35.68094058, -85.774490914)",2,None,,1,ADT1_1
2018,VA,Virginia,Adult,Adults aged 18+ who have visited a dentist or dental clinic in the past year,Yes,BRFSS,%,Crude Prevalence,71.7,,,73.0,70.4,7405,,51,"(37.542680674, -78.457890463)",2,None,,1,ADT1_1
2018,IL,Illinois,Adult,Adults aged 18+ who have visited a dentist or dental clinic in the past year,Yes,BRFSS,%,Crude Prevalence,68.1,,,69.7,66.5,3617,,17,"(40.485010283, -88.997710178)",2,None,,1,ADT1_1
2018,WA,Washington,Adult,Adults aged 18+ who have visited a dentist or dental clinic in the past year,Yes,BRFSS,%,Crude Prevalence,69.2,,,70.3,68.1,9262,,53,"(47.522278629, -120.47001079)",2,None,,1,ADT1_1
2020,DE,Delaware,Adult,Adults aged 18+ who have visited a dentist or dental clinic in the past year,Yes,BRFSS,%,Age-Adjusted,63.9,,,66.1,61.7,3984,,10,"(39.008830667, -75.577741168)",2,None,,1,ADT1_1
2020,ND,North Dakota,Adult,Adults aged 18+ who have visited a dentist or dental clinic in the past year,Yes,BRFSS,%,Age-Adjusted,66.4,,,68.5,64.3,4419,,38,"(47.475319779, -100.118421049)",2,None,,1,ADT1_1
2018,MO,Missouri,Adult,Adults aged 18+ who have visited a dentist or dental clinic in the past year,Yes,BRFSS,%,Crude Prevalence,63.3,,,65.0,61.6,3862,,29,"(38.635790776, -92.566300053)",2,None,,1,ADT1_1
2020,IN,Indiana,Adult,Adults aged 18+ who have visited a dentist or dental clinic in the past year,Yes,BRFSS,%,Crude Prevalence,63.0,,,64.3,61.7,5444,,18,"(39.766910452, -86.149960194)",2,None,,1,ADT1_1
2020,US,United States,Adult,Adults aged 18+ who have visited a dentist or dental clinic in the past year,Yes,BRFSS,%,Age-Adjusted,64.5,,,64.9,64.1,397291,,US,,2,None,,1,ADT1_1
2018,KY,Kentucky,Adult,Adults aged 18+ who have visited a dentist or dental clinic in the past year,Yes,BRFSS,%,Crude Prevalence,61.9,,,63.6,60.2,5217,,21,"(37.645970271, -84.774971048)",2,None,,1,ADT1_1
2018,CO,Colorado,Adult,Adults aged 18+ who have visited a dentist or dental clinic in the past year,Yes,BRFSS,%,Age-Adjusted,67.5,,,68.7,66.3,8824,,8,"(38.843840757, -106.133610921)",2,None,,1,ADT1_1
2018,AR,Arkansas,Adult,Adults aged 18+ who have visited a dentist or dental clinic in the past year,Yes,BRFSS,%,Age-Adjusted,55.9,,,58.1,53.7,5280,,5,"(34.748650124, -92.274490743)",2,None,,1,ADT1_1
2020,FL,Florida,Adult,Adults aged 18+ who have visited a dentist or dental clinic in the past year,Yes,BRFSS,%,Age-Adjusted,60.7,,,62.7,58.7,11657,,12,"(28.932040377, -81.928960539)",2,None,,1,ADT1_1
2018,GU,Guam,Adult,Adults aged 18+ who have visited a dentist or dental clinic in the past year,Yes,BRFSS,%,Crude Prevalence,58.2,,,61.8,54.6,1029,,66,"(13.444304, 164.793731)",2,None,,1,ADT1_1
2018,IA,Iowa,Adult,Adults aged 18+ who have visited a dentist or dental clinic in the past year,Yes,BRFSS,%,Age-Adjusted,70.9,,,72.0,69.8,9043,,19,"(42.469400913, -93.816490556)",2,None,,1,ADT1_1
2020,PR,Puerto Rico,Adult,Adults aged 18+ who have visited a dentist or dental clinic in the past year,Yes,BRFSS,%,Age-Adjusted,57.4,,,59.5,55.3,4892,,72,"(18.220833, -66.590149)",2,None,,1,ADT1_1
2020,VT,Vermont,Adult,Adults aged 18+ who have visited a dentist or dental clinic in the past year,Yes,BRFSS,%,Age-Adjusted,68.0,,,69.9,66.1,6482,,50,"(43.625381239, -72.517640791)",2,None,,1,ADT1_1
2020,MN,Minnesota,Adult,Adults aged 18+ who have visited a dentist or dental clinic in the past year,Yes,BRFSS,%,Crude Prevalence,69.6,,,70.5,68.7,11069,,27,"(46.355648736, -94.794200503)",2,None,,1,ADT1_1
2020,AZ,Arizona,Adult,Adults aged 18+ who have visited a dentist or dental clinic in the past year,Yes,BRFSS,%,Crude Prevalence,61.2,,,62.6,59.8,6366,,4,"(34.86597028, -111.763811277)",2,None,,1,ADT1_1
2020,DE,Delaware,Adult,Adults aged 18+ who have visited a dentist or dental clinic in the past year,Yes,BRFSS,%,Crude Prevalence,64.5,,,66.6,62.4,2491,,10,"(39.008830667, -75.577741168)",2,None,,1,ADT1_1
2020,TN,Tennessee,Adult,Adults aged 18+ who have visited a dentist or dental clinic in the past year,Yes,BRFSS,%,Crude Prevalence,59.7,,,61.7,57.7,2772,,47,"(35.68094058, -85.774490914)",2,None,,1,ADT1_1
2018,LA,Louisiana,Adult,Adults aged 18+ who have visited a dentist or dental clinic in the past year,Yes,BRFSS,%,Crude Prevalence,58.1,,,60.0,56.2,3009,,22,"(31.312660644, -92.445680071)",2,None,,1,ADT1_1
2018,MA,Massachusetts,Adult,Adults aged 18+ who have visited a dentist or dental clinic in the past year,Yes,BRFSS,%,Crude Prevalence,74.4,,,75.8,73.0,5039,,25,"(42.27687047, -72.082690675)",2,None,,1,ADT1_1
2020,AK,Alaska,Adult,Adults aged 18+ who have visited a dentist or dental clinic in the past year,Yes,BRFSS,%,Crude Prevalence,62.5,,,65.0,60.0,2296,,2,"(64.845079957001, -147.722059036)",2,None,,1,ADT1_1
2020,NC,North Carolina,Adult,Adults aged 18+ who have visited a dentist or dental clinic in the past year,Yes,BRFSS,%,Age-Adjusted,65.7,,,67.3,64.1,5762,,37,"(35.466220975, -79.159250463)",2,None,,1,ADT1_1
2018,KY,Kentucky,Adult,Adults aged 18+ who have visited a dentist or dental clinic in the past year,Yes,BRFSS,%,Age-Adjusted,61.9,,,63.7,60.1,8410,,21,"(37.645970271, -84.774971048)",2,None,,1,ADT1_1
2020,AL,Alabama,Adult,Adults aged 18+ who have visited a dentist or dental clinic in the past year,Yes,BRFSS,%,Crude Prevalence,61.4,,,63.1,59.7,3391,,1,"(32.840571122, -86.631860762)",2,None,,1,ADT1_1
2020,CO,Colorado,Adult,Adults aged 18+ who have visited a dentist or dental clinic in the past year,Yes,BRFSS,%,Age-Adjusted,67.0,,,68.1,65.9,10091,,8,"(38.843840757, -106.133610921)",2,None,,1,ADT1_1
2020,PR,Puerto Rico,Adult,Adults aged 18+ who have visited a dentist or dental clinic in the past year,Yes,BRFSS,%,Crude Prevalence,56.8,,,59.1,54.5,2895,,72,"(18.220833, -66.590149)",2,None,,1,ADT1_1
2018,NM,New Mexico,Adult,Adults aged 18+ who have visited a dentist or dental clinic in the past year,Yes,BRFSS,%,Crude Prevalence,65.1,,,66.7,63.5,4402,,35,"(34.520880952, -106.240580985)",2,None,,1,ADT1_1
2020,TX,Texas,Adult,Adults aged 18+ who have visited a dentist or dental clinic in the past year,Yes,BRFSS,%,Age-Adjusted,57.3,,,59.1,55.5,10871,,48,"(31.827240407, -99.426770206)",2,None,,1,ADT1_1
2018,CA,California,Adult,Adults aged 18+ who have visited a dentist or dental clinic in the past year,Yes,BRFSS,%,Crude Prevalence,67.4,,,68.5,66.3,7936,,6,"(37.638640123, -120.999999538)",2,None,,1,ADT1_1
2020,LA,Louisiana,Adult,Adults aged 18+ who have visited a dentist or dental clinic in the past year,Yes,BRFSS,%,Age-Adjusted,59.3,,,61.3,57.3,4661,,22,"(31.312660644, -92.445680071)",2,None,,1,ADT1_1
2018,NC,North Carolina,Adult,Adults aged 18+ who have visited a dentist or dental clinic in the past year,Yes,BRFSS,%,Crude Prevalence,65.4,,,67.2,63.6,3109,,37,"(35.466220975, -79.159250463)",2,None,,1,ADT1_1
2020,KY,Kentucky,Adult,Adults aged 18+ who have visited a dentist or dental clinic in the past year,Yes,BRFSS,%,Crude Prevalence,57.2,,,59.2,55.2,2280,,21,"(37.645970271, -84.774971048)",2,None,,1,ADT1_1
2018,PR,Puerto Rico,Adult,Adults aged 18+ who have visited a dentist or dental clinic in the past year,Yes,BRFSS,%,Crude Prevalence,69.4,,,71.1,67.7,3363,,72,"(18.220833, -66.590149)",2,None,,1,ADT1_1
2020,MD,Maryland,Adult,Adults aged 18+ who have visited a dentist or dental clinic in the past year,Yes,BRFSS,%,Age-Adjusted,65.7,,,66.9,64.5,14138,,24,"(39.290580964, -76.609260111)",2,None,,1,ADT1_1
2018,NE,Nebraska,Adult,Adults aged 18+ who have visited a dentist or dental clinic in the past year,Yes,BRFSS,%,Crude Prevalence,67.7,,,68.9,66.5,9909,,31,"(41.641040988001, -99.365720623)",2,None,,1,ADT1_1
2018,TX,Texas,Adult,Adults aged 18+ who have visited a dentist or dental clinic in the past year,Yes,BRFSS,%,Age-Adjusted,60.6,,,62.6,58.6,11064,,48,"(31.827240407, -99.426770206)",2,None,,1,ADT1_1
2020,MN,Minnesota,Adult,Adults aged 18+ who have visited a dentist or dental clinic in the past year,Yes,BRFSS,%,Age-Adjusted,69.2,,,70.1,68.3,15725,,27,"(46.355648736, -94.794200503)",2,None,,1,ADT1_1
2018,DE,Delaware,Adult,Adults aged 18+ who have visited a dentist or dental clinic in the past year,Yes,BRFSS,%,Age-Adjusted,65.7,,,67.7,63.7,5146,,10,"(39.008830667, -75.577741168)",2,None,,1,ADT1_1
2018,WY,Wyoming,Adult,Adults aged 18+ who have visited a dentist or dental clinic in the past year,Yes,BRFSS,%,Crude Prevalence,67.7,,,69.5,65.9,3121,,56,"(43.235541343, -108.109830353)",2,None,,1,ADT1_1
2018,AK,Alaska,Adult,Adults aged 18+ who have visited a dentist or dental clinic in the past year,Yes,BRFSS,%,Age-Adjusted,69.4,,,71.9,66.9,2718,,2,"(64.845079957001, -147.722059036)",2,None,,1,ADT1_1
2020,MT,Montana,Adult,Adults aged 18+ who have visited a dentist or dental clinic in the past year,Yes,BRFSS,%,Crude Prevalence,64.2,,,65.7,62.7,4154,,30,"(47.066528972, -109.424420645)",2,None,,1,ADT1_1
2018,TN,Tennessee,Adult,Adults aged 18+ who have visited a dentist or dental clinic in the past year,Yes,BRFSS,%,Crude Prevalence,58.3,,,60.2,56.4,3003,,47,"(35.68094058, -85.774490914)",2,None,,1,ADT1_1
2018,MS,Mississippi,Adult,Adults aged 18+ who have visited a dentist or dental clinic in the past year,Yes,BRFSS,%,Crude Prevalence,54.1,,,55.8,52.4,3072,,28,"(32.745510099, -89.538030825)",2,None,,1,ADT1_1
2020,NH,New Hampshire,Adult,Adults aged 18+ who have visited a dentist or dental clinic in the past year,Yes,BRFSS,%,Crude Prevalence,69.7,,,71.3,68.1,4585,,33,"(43.655950113, -71.50036092)",2,None,,1,ADT1_1
2020,IL,Illinois,Adult,Adults aged 18+ who have visited a dentist or dental clinic in the past year,Yes,BRFSS,%,Crude Prevalence,68.4,,,70.4,66.4,2505,,17,"(40.485010283, -88.997710178)",2,None,,1,ADT1_1
2020,WV,West Virginia,Adult,Adults aged 18+ who have visited a dentist or dental clinic in the past year,Yes,BRFSS,%,Crude Prevalence,57.7,,,59.3,56.1,3485,,54,"(38.665510202, -80.712640135)",2,None,,1,ADT1_1
2018,OH,Ohio,Adult,Adults aged 18+ who have visited a dentist or dental clinic in the past year,Yes,BRFSS,%,Crude Prevalence,67.4,,,68.7,66.1,8505,,39,"(40.060210141, -82.404260056)",2,None,,1,ADT1_1
2018,NE,Nebraska,Adult,Adults aged 18+ who have visited a dentist or dental clinic in the past year,Yes,BRFSS,%,Age-Adjusted,67.6,,,68.8,66.4,14537,,31,"(41.641040988001, -99.365720623)",2,None,,1,ADT1_1
2018,IN,Indiana,Adult,Adults aged 18+ who have visited a dentist or dental clinic in the past year,Yes,BRFSS,%,Crude Prevalence,64.4,,,65.9,62.9,4960,,18,"(39.766910452, -86.149960194)",2,None,,1,ADT1_1
2018,OR,Oregon,Adult,Adults aged 18+ who have visited a dentist or dental clinic in the past year,Yes,BRFSS,%,Crude Prevalence,68.0,,,69.5,66.5,4034,,41,"(44.567449424, -120.155031326)",2,None,,1,ADT1_1
2018,WV,West Virginia,Adult,Adults aged 18+ who have visited a dentist or dental clinic in the past year,Yes,BRFSS,%,Crude Prevalence,55.3,,,57.1,53.5,2860,,54,"(38.665510202, -80.712640135)",2,None,,1,ADT1_1
2018,US,United States,Adult,Adults aged 18+ who have visited a dentist or dental clinic in the past year,Yes,BRFSS,%,Age-Adjusted,66.3,,,66.6,66.0,432676,,US,,2,None,,1,ADT1_1
2020,NM,New Mexico,Adult,Adults aged 18+ who have visited a dentist or dental clinic in the past year,Yes,BRFSS,%,Age-Adjusted,63.3,,,65.3,61.3,6963,,35,"(34.520880952, -106.240580985)",2,None,,1,ADT1_1
2018,FL,Florida,Adult,Adults aged 18+ who have visited a dentist or dental clinic in the past year,Yes,BRFSS,%,Crude Prevalence,65.7,,,67.2,64.2,9311,,12,"(28.932040377, -81.928960539)",2,None,,1,ADT1_1
2018,ID,Idaho,Adult,Adults aged 18+ who have visited a dentist or dental clinic in the past year,Yes,BRFSS,%,Age-Adjusted,65.3,,,67.5,63.1,3674,,16,"(43.682630005, -116.363730042)",2,None,,1,ADT1_1
2018,OR,Oregon,Adult,Adults aged 18+ who have visited a dentist or dental clinic in the past year,Yes,BRFSS,%,Age-Adjusted,67.8,,,69.3,66.3,5880,,41,"(44.567449424, -120.155031326)",2,None,,1,ADT1_1
2018,KS,Kansas,Adult,Adults aged 18+ who have visited a dentist or dental clinic in the past year,Yes,BRFSS,%,Age-Adjusted,67.8,,,69.0,66.6,10723,,20,"(38.3477403, -98.200781227)",2,None,,1,ADT1_1
2020,GA,Georgia,Adult,Adults aged 18+ who have visited a dentist or dental clinic in the past year,Yes,BRFSS,%,Age-Adjusted,60.5,,,62.2,58.8,8979,,13,"(32.839681093, -83.627580346)",2,None,,1,ADT1_1
2018,AZ,Arizona,Adult,Adults aged 18+ who have visited a dentist or dental clinic in the past year,Yes,BRFSS,%,Crude Prevalence,62.3,,,64.1,60.5,5108,,4,"(34.86597028, -111.763811277)",2,None,,1,ADT1_1
2020,VT,Vermont,Adult,Adults aged 18+ who have visited a dentist or dental clinic in the past year,Yes,BRFSS,%,Crude Prevalence,68.5,,,70.3,66.7,4661,,50,"(43.625381239, -72.517640791)",2,None,,1,ADT1_1
2018,AZ,Arizona,Adult,Adults aged 18+ who have visited a dentist or dental clinic in the past year,Yes,BRFSS,%,Age-Adjusted,61.6,,,63.5,59.7,7989,,4,"(34.86597028, -111.763811277)",2,None,,1,ADT1_1
2018,NY,New York,Adult,Adults aged 18+ who have visited a dentist or dental clinic in the past year,Yes,BRFSS,%,Crude Prevalence,69.8,,,70.7,68.9,24298,,36,"(42.827001032, -75.543970427)",2,None,,1,ADT1_1
2020,ID,Idaho,Adult,Adults aged 18+ who have visited a dentist or dental clinic in the past year,Yes,BRFSS,%,Crude Prevalence,67.6,,,69.3,65.9,3978,,16,"(43.682630005, -116.363730042)",2,None,,1,ADT1_1
2020,AK,Alaska,Adult,Adults aged 18+ who have visited a dentist or dental clinic in the past year,Yes,BRFSS,%,Age-Adjusted,62.6,,,65.1,60.1,3626,,2,"(64.845079957001, -147.722059036)",2,None,,1,ADT1_1
2018,UT,Utah,Adult,Adults aged 18+ who have visited a dentist or dental clinic in the past year,Yes,BRFSS,%,Age-Adjusted,72.2,,,73.3,71.1,10466,,49,"(39.360700171, -111.587130635)",2,None,,1,ADT1_1
2018,HI,Hawaii,Adult,Adults aged 18+ who have visited a dentist or dental clinic in the past year,Yes,BRFSS,%,Age-Adjusted,74.6,,,76.0,73.2,7875,,15,"(21.304850435, -157.857749403)",2,None,,1,ADT1_1
2018,IA,Iowa,Adult,Adults aged 18+ who have visited a dentist or dental clinic in the past year,Yes,BRFSS,%,Crude Prevalence,70.8,,,71.9,69.7,6503,,19,"(42.469400913, -93.816490556)",2,None,,1,ADT1_1
2020,SD,South Dakota,Adult,Adults aged 18+ who have visited a dentist or dental clinic in the past year,Yes,BRFSS,%,Crude Prevalence,69.5,,,72.0,67.0,4751,,46,"(44.353130053, -100.373530637)",2,None,,1,ADT1_1
2018,MN,Minnesota,Adult,Adults aged 18+ who have visited a dentist or dental clinic in the past year,Yes,BRFSS,%,Crude Prevalence,73.9,,,74.7,73.1,12673,,27,"(46.355648736, -94.794200503)",2,None,,1,ADT1_1
2018,NC,North Carolina,Adult,Adults aged 18+ who have visited a dentist or dental clinic in the past year,Yes,BRFSS,%,Age-Adjusted,65.5,,,67.3,63.7,4680,,37,"(35.466220975, -79.159250463)",2,None,,1,ADT1_1
2020,PA,Pennsylvania,Adult,Adults aged 18+ who have visited a dentist or dental clinic in the past year,Yes,BRFSS,%,Crude Prevalence,68.1,,,69.8,66.4,3770,,42,"(40.793730152, -77.860700294)",2,None,,1,ADT1_1
2018,IN,Indiana,Adult,Adults aged 18+ who have visited a dentist or dental clinic in the past year,Yes,BRFSS,%,Age-Adjusted,64.2,,,65.7,62.7,7517,,18,"(39.766910452, -86.149960194)",2,None,,1,ADT1_1
2020,CT,Connecticut,Adult,Adults aged 18+ who have visited a dentist or dental clinic in the past year,Yes,BRFSS,%,Crude Prevalence,73.2,,,74.7,71.7,6574,,9,"(41.56266102, -72.649840952)",2,None,,1,ADT1_1
2018,DE,Delaware,Adult,Adults aged 18+ who have visited a dentist or dental clinic in the past year,Yes,BRFSS,%,Crude Prevalence,66.5,,,68.3,64.7,3434,,10,"(39.008830667, -75.577741168)",2,None,,1,ADT1_1
2018,UT,Utah,Adult,Adults aged 18+ who have visited a dentist or dental clinic in the past year,Yes,BRFSS,%,Crude Prevalence,72.0,,,73.1,70.9,7659,,49,"(39.360700171, -111.587130635)",2,None,,1,ADT1_1
2020,OK,Oklahoma,Adult,Adults aged 18+ who have visited a dentist or dental clinic in the past year,Yes,BRFSS,%,Crude Prevalence,59.9,,,61.6,58.2,3016,,40,"(35.472031356, -97.521070214)",2,None,,1,ADT1_1
2020,CT,Connecticut,Adult,Adults aged 18+ who have visited a dentist or dental clinic in the past year,Yes,BRFSS,%,Age-Adjusted,72.5,,,74.1,70.9,8893,,9,"(41.56266102, -72.649840952)",2,None,,1,ADT1_1
2020,HI,Hawaii,Adult,Adults aged 18+ who have visited a dentist or dental clinic in the past year,Yes,BRFSS,%,Age-Adjusted,74.0,,,75.4,72.6,7728,,15,"(21.304850435, -157.857749403)",2,None,,1,ADT1_1
2018,CT,Connecticut,Adult,Adults aged 18+ who have visited a dentist or dental clinic in the past year,Yes,BRFSS,%,Crude Prevalence,76.5,,,77.7,75.3,8371,,9,"(41.56266102, -72.649840952)",2,None,,1,ADT1_1
2020,KS,Kansas,Adult,Adults aged 18+ who have visited a dentist or dental clinic in the past year,Yes,BRFSS,%,Crude Prevalence,67.3,,,68.5,66.1,7234,,20,"(38.3477403, -98.200781227)",2,None,,1,ADT1_1
2018,AR,Arkansas,Adult,Adults aged 18+ who have visited a dentist or dental clinic in the past year,Yes,BRFSS,%,Crude Prevalence,56.1,,,58.1,54.1,3178,,5,"(34.748650124, -92.274490743)",2,None,,1,ADT1_1
2020,UT,Utah,Adult,Adults aged 18+ who have visited a dentist or dental clinic in the past year,Yes,BRFSS,%,Age-Adjusted,73.1,,,74.2,72.0,10812,,49,"(39.360700171, -111.587130635)",2,None,,1,ADT1_1
2018,RI,Rhode Island,Adult,Adults aged 18+ who have visited a dentist or dental clinic in the past year,Yes,BRFSS,%,Age-Adjusted,72.0,,,73.9,70.1,5557,,44,"(41.708280193, -71.522470314)",2,None,,1,ADT1_1
2018,WI,Wisconsin,Adult,Adults aged 18+ who have visited a dentist or dental clinic in the past year,Yes,BRFSS,%,Age-Adjusted,70.6,,,72.4,68.8,4971,,55,"(44.393191174, -89.816370742)",2,None,,1,ADT1_1
2020,NJ,New Jersey,Adult,Adults aged 18+ who have visited a dentist or dental clinic in the past year,Yes,BRFSS,%,Age-Adjusted,67.8,,,69.0,66.6,11241,,34,"(40.130570048, -74.273691288)",2,None,,1,ADT1_1
2020,CO,Colorado,Adult,Adults aged 18+ who have visited a dentist or dental clinic in the past year,Yes,BRFSS,%,Crude Prevalence,67.2,,,68.3,66.1,6875,,8,"(38.843840757, -106.133610921)",2,None,,1,ADT1_1
2020,HI,Hawaii,Adult,Adults aged 18+ who have visited a dentist or dental clinic in the past year,Yes,BRFSS,%,Crude Prevalence,74.7,,,76.0,73.4,5807,,15,"(21.304850435, -157.857749403)",2,None,,1,ADT1_1
2020,OR,Oregon,Adult,Adults aged 18+ who have visited a dentist or dental clinic in the past year,Yes,BRFSS,%,Age-Adjusted,67.9,,,69.4,66.4,5353,,41,"(44.567449424, -120.155031326)",2,None,,1,ADT1_1
2020,OR,Oregon,Adult,Adults aged 18+ who have visited a dentist or dental clinic in the past year,Yes,BRFSS,%,Crude Prevalence,68.0,,,69.5,66.5,3725,,41,"(44.567449424, -120.155031326)",2,None,,1,ADT1_1
2018,MA,Massachusetts,Adult,Adults aged 18+ who have visited a dentist or dental clinic in the past year,Yes,BRFSS,%,Age-Adjusted,73.9,,,75.4,72.4,6581,,25,"(42.27687047, -72.082690675)",2,None,,1,ADT1_1
2020,TN,Tennessee,Adult,Adults aged 18+ who have visited a dentist or dental clinic in the past year,Yes,BRFSS,%,Age-Adjusted,59.6,,,61.7,57.5,4582,,47,"(35.68094058, -85.774490914)",2,None,,1,ADT1_1
2018,SC,South Carolina,Adult,Adults aged 18+ who have visited a dentist or dental clinic in the past year,Yes,BRFSS,%,Age-Adjusted,61.6,,,63.1,60.1,10723,,45,"(33.998821303, -81.045371207)",2,None,,1,ADT1_1
2020,LA,Louisiana,Adult,Adults aged 18+ who have visited a dentist or dental clinic in the past year,Yes,BRFSS,%,Crude Prevalence,59.1,,,61.0,57.2,2882,,22,"(31.312660644, -92.445680071)",2,None,,1,ADT1_1
2018,AL,Alabama,Adult,Adults aged 18+ who have visited a dentist or dental clinic in the past year,Yes,BRFSS,%,Age-Adjusted,60.7,,,62.4,59.0,6494,,1,"(32.840571122, -86.631860762)",2,None,,1,ADT1_1
2020,AZ,Arizona,Adult,Adults aged 18+ who have visited a dentist or dental clinic in the past year,Yes,BRFSS,%,Age-Adjusted,60.6,,,62.0,59.2,10193,,4,"(34.86597028, -111.763811277)",2,None,,1,ADT1_1
