Year,LocationAbbr,LocationDesc,Category,Indicator,Response,Datasource,Data_Value_Unit,Data_Value_Type,Data_Value,High_Confidence_Interval,Low_Confidence_Interval,SampleSize,Break_Out,LocationID,GeoLocation,SortUSFirst,Break_Out_Category,Break_Out_ID,SortBreakOutID,IndicatorID
2018,NY,New York,Adult,Adults aged 18+ who have visited a dentist or dental clinic in the past year,Yes,BRFSS,%,Crude Prevalence,79.4,80.6,78.2,10743,College graduate,36,"(42.827001032, -75.543970427)",2,Education,4EDUC,23,ADT1_1
2018,NE,Nebraska,Adult,Adults aged 18+ who have visited a dentist or dental clinic in the past year,Yes,BRFSS,%,Crude Prevalence,66.6,68.7,64.5,3017,Some post H.S.,31,"(41.641040988001, -99.365720623)",2,Education,3EDUC,22,ADT1_1
2018,US,United States,Adult,Adults aged 18+ who have visited a dentist or dental clinic in the past year,Yes,BRFSS,%,Crude Prevalence,46.1,47.2,45,13186,Less than H.S.,US,,2,Education,1EDUC,20,ADT1_1
2018,GU,Guam,Adult,Adults aged 18+ who have visited a dentist or dental clinic in the past year,Yes,BRFSS,%,Crude Prevalence,71.9,77.6,66.2,254,Some post H.S.,66,"(13.444304, 164.793731)",2,Education,3EDUC,22,ADT1_1
2018,IL,Illinois,Adult,Adults aged 18+ who have visited a dentist or dental clinic in the past year,Yes,BRFSS,%,Crude Prevalence,79,81,77,1762,College graduate,17,"(40.485010283, -88.997710178)",2,Education,4EDUC,23,ADT1_1
2018,GA,Georgia,Adult,Adults aged 18+ who have visited a dentist or dental clinic in the past year,Yes,BRFSS,%,Crude Prevalence,56.3,58.8,53.8,1275,H.S. or G.E.D.,13,"(32.839681093, -83.627580346)",2,Education,2EDUC,21,ADT1_1
2018,NJ,New Jersey,Adult,Adults aged 18+ who have visited a dentist or dental clinic in the past year,Yes,BRFSS,%,Crude Prevalence,50.3,61.5,39.1,89,Less than H.S.,34,"(40.130570048, -74.273691288)",2,Education,1EDUC,20,ADT1_1
2018,WA,Washington,Adult,Adults aged 18+ who have visited a dentist or dental clinic in the past year,Yes,BRFSS,%,Crude Prevalence,46.6,51.2,42,345,Less than H.S.,53,"(47.522278629, -120.47001079)",2,Education,1EDUC,20,ADT1_1
2018,PR,Puerto Rico,Adult,Adults aged 18+ who have visited a dentist or dental clinic in the past year,Yes,BRFSS,%,Crude Prevalence,69.3,72.4,66.2,840,H.S. or G.E.D.,72,"(18.220833, -66.590149)",2,Education,2EDUC,21,ADT1_1
2018,FL,Florida,Adult,Adults aged 18+ who have visited a dentist or dental clinic in the past year,Yes,BRFSS,%,Crude Prevalence,50.1,55.6,44.6,554,Less than H.S.,12,"(28.932040377, -81.928960539)",2,Education,1EDUC,20,ADT1_1
2018,MO,Missouri,Adult,Adults aged 18+ who have visited a dentist or dental clinic in the past year,Yes,BRFSS,%,Crude Prevalence,64.4,67.5,61.3,1090,Some post H.S.,29,"(38.635790776, -92.566300053)",2,Education,3EDUC,22,ADT1_1
2018,CA,California,Adult,Adults aged 18+ who have visited a dentist or dental clinic in the past year,Yes,BRFSS,%,Crude Prevalence,79.1,80.6,77.6,3821,College graduate,6,"(37.638640123, -120.999999538)",2,Education,4EDUC,23,ADT1_1
2018,ND,North Dakota,Adult,Adults aged 18+ who have visited a dentist or dental clinic in the past year,Yes,BRFSS,%,Crude Prevalence,52.1,60.6,43.6,138,Less than H.S.,38,"(47.475319779, -100.118421049)",2,Education,1EDUC,20,ADT1_1
2018,MI,Michigan,Adult,Adults aged 18+ who have visited a dentist or dental clinic in the past year,Yes,BRFSS,%,Crude Prevalence,50.9,56.4,45.4,235,Less than H.S.,26,"(44.661319543001, -84.71439027)",2,Education,1EDUC,20,ADT1_1
2018,HI,Hawaii,Adult,Adults aged 18+ who have visited a dentist or dental clinic in the past year,Yes,BRFSS,%,Crude Prevalence,76.1,78.3,73.9,1583,Some post H.S.,15,"(21.304850435, -157.857749403)",2,Education,3EDUC,22,ADT1_1
2018,LA,Louisiana,Adult,Adults aged 18+ who have visited a dentist or dental clinic in the past year,Yes,BRFSS,%,Crude Prevalence,40.4,46.9,33.9,169,Less than H.S.,22,"(31.312660644, -92.445680071)",2,Education,1EDUC,20,ADT1_1
2018,GA,Georgia,Adult,Adults aged 18+ who have visited a dentist or dental clinic in the past year,Yes,BRFSS,%,Crude Prevalence,38.7,42.5,34.9,352,Less than H.S.,13,"(32.839681093, -83.627580346)",2,Education,1EDUC,20,ADT1_1
2018,NM,New Mexico,Adult,Adults aged 18+ who have visited a dentist or dental clinic in the past year,Yes,BRFSS,%,Crude Prevalence,78.9,81.2,76.6,1859,College graduate,35,"(34.520880952, -106.240580985)",2,Education,4EDUC,23,ADT1_1
2018,SC,South Carolina,Adult,Adults aged 18+ who have visited a dentist or dental clinic in the past year,Yes,BRFSS,%,Crude Prevalence,79.3,81.2,77.4,2873,College graduate,45,"(33.998821303, -81.045371207)",2,Education,4EDUC,23,ADT1_1
2018,KS,Kansas,Adult,Adults aged 18+ who have visited a dentist or dental clinic in the past year,Yes,BRFSS,%,Crude Prevalence,60.4,62.6,58.2,1648,H.S. or G.E.D.,20,"(38.3477403, -98.200781227)",2,Education,2EDUC,21,ADT1_1
2018,AR,Arkansas,Adult,Adults aged 18+ who have visited a dentist or dental clinic in the past year,Yes,BRFSS,%,Crude Prevalence,59.2,62.9,55.5,831,Some post H.S.,5,"(34.748650124, -92.274490743)",2,Education,3EDUC,22,ADT1_1
2018,OR,Oregon,Adult,Adults aged 18+ who have visited a dentist or dental clinic in the past year,Yes,BRFSS,%,Crude Prevalence,81.5,83.4,79.6,1821,College graduate,41,"(44.567449424, -120.155031326)",2,Education,4EDUC,23,ADT1_1
2018,AK,Alaska,Adult,Adults aged 18+ who have visited a dentist or dental clinic in the past year,Yes,BRFSS,%,Crude Prevalence,69.7,74.4,65,541,Some post H.S.,2,"(64.845079957001, -147.722059036)",2,Education,3EDUC,22,ADT1_1
2018,DC,District Columbia,Adult,Adults aged 18+ who have visited a dentist or dental clinic in the past year,Yes,BRFSS,%,Crude Prevalence,68.9,73.7,64.1,429,Some post H.S.,11,"(38.890371385, -77.031961127)",2,Education,3EDUC,22,ADT1_1
2018,IL,Illinois,Adult,Adults aged 18+ who have visited a dentist or dental clinic in the past year,Yes,BRFSS,%,Crude Prevalence,68.1,71,65.2,879,Some post H.S.,17,"(40.485010283, -88.997710178)",2,Education,3EDUC,22,ADT1_1
2018,MS,Mississippi,Adult,Adults aged 18+ who have visited a dentist or dental clinic in the past year,Yes,BRFSS,%,Crude Prevalence,32.2,36.8,27.6,202,Less than H.S.,28,"(32.745510099, -89.538030825)",2,Education,1EDUC,20,ADT1_1
2018,ID,Idaho,Adult,Adults aged 18+ who have visited a dentist or dental clinic in the past year,Yes,BRFSS,%,Crude Prevalence,66.8,70.4,63.2,755,Some post H.S.,16,"(43.682630005, -116.363730042)",2,Education,3EDUC,22,ADT1_1
2018,ND,North Dakota,Adult,Adults aged 18+ who have visited a dentist or dental clinic in the past year,Yes,BRFSS,%,Crude Prevalence,56.1,59.6,52.6,911,H.S. or G.E.D.,38,"(47.475319779, -100.118421049)",2,Education,2EDUC,21,ADT1_1
2018,CT,Connecticut,Adult,Adults aged 18+ who have visited a dentist or dental clinic in the past year,Yes,BRFSS,%,Crude Prevalence,84.4,85.9,82.9,4369,College graduate,9,"(41.56266102, -72.649840952)",2,Education,4EDUC,23,ADT1_1
2018,VT,Vermont,Adult,Adults aged 18+ who have visited a dentist or dental clinic in the past year,Yes,BRFSS,%,Crude Prevalence,66.6,69.5,63.7,1069,H.S. or G.E.D.,50,"(43.625381239, -72.517640791)",2,Education,2EDUC,21,ADT1_1
2018,ME,Maine,Adult,Adults aged 18+ who have visited a dentist or dental clinic in the past year,Yes,BRFSS,%,Crude Prevalence,56.2,59,53.4,1653,H.S. or G.E.D.,23,"(45.254228894001, -68.985031336)",2,Education,2EDUC,21,ADT1_1
2018,NM,New Mexico,Adult,Adults aged 18+ who have visited a dentist or dental clinic in the past year,Yes,BRFSS,%,Crude Prevalence,66.8,69.9,63.7,1141,Some post H.S.,35,"(34.520880952, -106.240580985)",2,Education,3EDUC,22,ADT1_1
2018,UT,Utah,Adult,Adults aged 18+ who have visited a dentist or dental clinic in the past year,Yes,BRFSS,%,Crude Prevalence,72.3,74.2,70.4,2356,Some post H.S.,49,"(39.360700171, -111.587130635)",2,Education,3EDUC,22,ADT1_1
2018,AK,Alaska,Adult,Adults aged 18+ who have visited a dentist or dental clinic in the past year,Yes,BRFSS,%,Crude Prevalence,81.2,84.6,77.8,791,College graduate,2,"(64.845079957001, -147.722059036)",2,Education,4EDUC,23,ADT1_1
2018,AK,Alaska,Adult,Adults aged 18+ who have visited a dentist or dental clinic in the past year,Yes,BRFSS,%,Crude Prevalence,63.7,68.5,58.9,476,H.S. or G.E.D.,2,"(64.845079957001, -147.722059036)",2,Education,2EDUC,21,ADT1_1
2018,DC,District Columbia,Adult,Adults aged 18+ who have visited a dentist or dental clinic in the past year,Yes,BRFSS,%,Crude Prevalence,55.6,63.7,47.5,118,Less than H.S.,11,"(38.890371385, -77.031961127)",2,Education,1EDUC,20,ADT1_1
2018,CA,California,Adult,Adults aged 18+ who have visited a dentist or dental clinic in the past year,Yes,BRFSS,%,Crude Prevalence,63.2,65.7,60.7,1365,H.S. or G.E.D.,6,"(37.638640123, -120.999999538)",2,Education,2EDUC,21,ADT1_1
2018,SD,South Dakota,Adult,Adults aged 18+ who have visited a dentist or dental clinic in the past year,Yes,BRFSS,%,Crude Prevalence,80.8,83.6,78,1934,College graduate,46,"(44.353130053, -100.373530637)",2,Education,4EDUC,23,ADT1_1
2018,SD,South Dakota,Adult,Adults aged 18+ who have visited a dentist or dental clinic in the past year,Yes,BRFSS,%,Crude Prevalence,70,73.6,66.4,1498,Some post H.S.,46,"(44.353130053, -100.373530637)",2,Education,3EDUC,22,ADT1_1
2018,CT,Connecticut,Adult,Adults aged 18+ who have visited a dentist or dental clinic in the past year,Yes,BRFSS,%,Crude Prevalence,77,79.3,74.7,1971,Some post H.S.,9,"(41.56266102, -72.649840952)",2,Education,3EDUC,22,ADT1_1
2018,WV,West Virginia,Adult,Adults aged 18+ who have visited a dentist or dental clinic in the past year,Yes,BRFSS,%,Crude Prevalence,32.4,37.8,27,133,Less than H.S.,54,"(38.665510202, -80.712640135)",2,Education,1EDUC,20,ADT1_1
2018,NC,North Carolina,Adult,Adults aged 18+ who have visited a dentist or dental clinic in the past year,Yes,BRFSS,%,Crude Prevalence,64.9,68.1,61.7,855,Some post H.S.,37,"(35.466220975, -79.159250463)",2,Education,3EDUC,22,ADT1_1
2018,ME,Maine,Adult,Adults aged 18+ who have visited a dentist or dental clinic in the past year,Yes,BRFSS,%,Crude Prevalence,35.9,42.9,28.9,158,Less than H.S.,23,"(45.254228894001, -68.985031336)",2,Education,1EDUC,20,ADT1_1
2018,DC,District Columbia,Adult,Adults aged 18+ who have visited a dentist or dental clinic in the past year,Yes,BRFSS,%,Crude Prevalence,68.1,72.3,63.9,445,H.S. or G.E.D.,11,"(38.890371385, -77.031961127)",2,Education,2EDUC,21,ADT1_1
2018,KY,Kentucky,Adult,Adults aged 18+ who have visited a dentist or dental clinic in the past year,Yes,BRFSS,%,Crude Prevalence,79.4,81.8,77,2051,College graduate,21,"(37.645970271, -84.774971048)",2,Education,4EDUC,23,ADT1_1
2018,IA,Iowa,Adult,Adults aged 18+ who have visited a dentist or dental clinic in the past year,Yes,BRFSS,%,Crude Prevalence,64,66,62,1795,H.S. or G.E.D.,19,"(42.469400913, -93.816490556)",2,Education,2EDUC,21,ADT1_1
2018,GU,Guam,Adult,Adults aged 18+ who have visited a dentist or dental clinic in the past year,Yes,BRFSS,%,Crude Prevalence,31.7,41.7,21.7,54,Less than H.S.,66,"(13.444304, 164.793731)",2,Education,1EDUC,20,ADT1_1
2018,VT,Vermont,Adult,Adults aged 18+ who have visited a dentist or dental clinic in the past year,Yes,BRFSS,%,Crude Prevalence,43.5,51.8,35.2,102,Less than H.S.,50,"(43.625381239, -72.517640791)",2,Education,1EDUC,20,ADT1_1
2018,PR,Puerto Rico,Adult,Adults aged 18+ who have visited a dentist or dental clinic in the past year,Yes,BRFSS,%,Crude Prevalence,71.7,74.8,68.6,914,Some post H.S.,72,"(18.220833, -66.590149)",2,Education,3EDUC,22,ADT1_1
2018,ND,North Dakota,Adult,Adults aged 18+ who have visited a dentist or dental clinic in the past year,Yes,BRFSS,%,Crude Prevalence,68.5,71.5,65.5,1238,Some post H.S.,38,"(47.475319779, -100.118421049)",2,Education,3EDUC,22,ADT1_1
2018,AL,Alabama,Adult,Adults aged 18+ who have visited a dentist or dental clinic in the past year,Yes,BRFSS,%,Crude Prevalence,56.6,59.6,53.6,1064,H.S. or G.E.D.,1,"(32.840571122, -86.631860762)",2,Education,2EDUC,21,ADT1_1
2018,NY,New York,Adult,Adults aged 18+ who have visited a dentist or dental clinic in the past year,Yes,BRFSS,%,Crude Prevalence,65.6,67.4,63.8,5828,H.S. or G.E.D.,36,"(42.827001032, -75.543970427)",2,Education,2EDUC,21,ADT1_1
2018,RI,Rhode Island,Adult,Adults aged 18+ who have visited a dentist or dental clinic in the past year,Yes,BRFSS,%,Crude Prevalence,75.4,78.6,72.2,1063,Some post H.S.,44,"(41.708280193, -71.522470314)",2,Education,3EDUC,22,ADT1_1
2018,VA,Virginia,Adult,Adults aged 18+ who have visited a dentist or dental clinic in the past year,Yes,BRFSS,%,Crude Prevalence,45.9,50.9,40.9,306,Less than H.S.,51,"(37.542680674, -78.457890463)",2,Education,1EDUC,20,ADT1_1
2018,DE,Delaware,Adult,Adults aged 18+ who have visited a dentist or dental clinic in the past year,Yes,BRFSS,%,Crude Prevalence,57,60.6,53.4,824,H.S. or G.E.D.,10,"(39.008830667, -75.577741168)",2,Education,2EDUC,21,ADT1_1
2018,VA,Virginia,Adult,Adults aged 18+ who have visited a dentist or dental clinic in the past year,Yes,BRFSS,%,Crude Prevalence,72.2,74.6,69.8,1860,Some post H.S.,51,"(37.542680674, -78.457890463)",2,Education,3EDUC,22,ADT1_1
2018,CO,Colorado,Adult,Adults aged 18+ who have visited a dentist or dental clinic in the past year,Yes,BRFSS,%,Crude Prevalence,64.7,67,62.4,1510,Some post H.S.,8,"(38.843840757, -106.133610921)",2,Education,3EDUC,22,ADT1_1
2018,IA,Iowa,Adult,Adults aged 18+ who have visited a dentist or dental clinic in the past year,Yes,BRFSS,%,Crude Prevalence,83.5,85,82,2500,College graduate,19,"(42.469400913, -93.816490556)",2,Education,4EDUC,23,ADT1_1
2018,AR,Arkansas,Adult,Adults aged 18+ who have visited a dentist or dental clinic in the past year,Yes,BRFSS,%,Crude Prevalence,34.5,40.9,28.1,161,Less than H.S.,5,"(34.748650124, -92.274490743)",2,Education,1EDUC,20,ADT1_1
2018,NC,North Carolina,Adult,Adults aged 18+ who have visited a dentist or dental clinic in the past year,Yes,BRFSS,%,Crude Prevalence,59.9,63.4,56.4,670,H.S. or G.E.D.,37,"(35.466220975, -79.159250463)",2,Education,2EDUC,21,ADT1_1
2018,VA,Virginia,Adult,Adults aged 18+ who have visited a dentist or dental clinic in the past year,Yes,BRFSS,%,Crude Prevalence,83.8,85.4,82.2,3671,College graduate,51,"(37.542680674, -78.457890463)",2,Education,4EDUC,23,ADT1_1
2018,NV,Nevada,Adult,Adults aged 18+ who have visited a dentist or dental clinic in the past year,Yes,BRFSS,%,Crude Prevalence,49.2,57.3,41.1,123,Less than H.S.,32,"(39.49324039, -117.071840564)",2,Education,1EDUC,20,ADT1_1
2018,GU,Guam,Adult,Adults aged 18+ who have visited a dentist or dental clinic in the past year,Yes,BRFSS,%,Crude Prevalence,77.1,81.8,72.4,408,College graduate,66,"(13.444304, 164.793731)",2,Education,4EDUC,23,ADT1_1
2018,CO,Colorado,Adult,Adults aged 18+ who have visited a dentist or dental clinic in the past year,Yes,BRFSS,%,Crude Prevalence,47.2,51.6,42.8,295,Less than H.S.,8,"(38.843840757, -106.133610921)",2,Education,1EDUC,20,ADT1_1
2018,MD,Maryland,Adult,Adults aged 18+ who have visited a dentist or dental clinic in the past year,Yes,BRFSS,%,Crude Prevalence,66.3,68.6,64,2695,Some post H.S.,24,"(39.290580964, -76.609260111)",2,Education,3EDUC,22,ADT1_1
2018,AZ,Arizona,Adult,Adults aged 18+ who have visited a dentist or dental clinic in the past year,Yes,BRFSS,%,Crude Prevalence,45.8,52.4,39.2,239,Less than H.S.,4,"(34.86597028, -111.763811277)",2,Education,1EDUC,20,ADT1_1
2018,TN,Tennessee,Adult,Adults aged 18+ who have visited a dentist or dental clinic in the past year,Yes,BRFSS,%,Crude Prevalence,64,67.5,60.5,785,Some post H.S.,47,"(35.68094058, -85.774490914)",2,Education,3EDUC,22,ADT1_1
2018,AK,Alaska,Adult,Adults aged 18+ who have visited a dentist or dental clinic in the past year,Yes,BRFSS,%,Crude Prevalence,51.5,61.9,41.1,70,Less than H.S.,2,"(64.845079957001, -147.722059036)",2,Education,1EDUC,20,ADT1_1
2018,AZ,Arizona,Adult,Adults aged 18+ who have visited a dentist or dental clinic in the past year,Yes,BRFSS,%,Crude Prevalence,62.9,65.9,59.9,1572,Some post H.S.,4,"(34.86597028, -111.763811277)",2,Education,3EDUC,22,ADT1_1
2018,ID,Idaho,Adult,Adults aged 18+ who have visited a dentist or dental clinic in the past year,Yes,BRFSS,%,Crude Prevalence,61.1,65.2,57,587,H.S. or G.E.D.,16,"(43.682630005, -116.363730042)",2,Education,2EDUC,21,ADT1_1
2018,TN,Tennessee,Adult,Adults aged 18+ who have visited a dentist or dental clinic in the past year,Yes,BRFSS,%,Crude Prevalence,76.4,79.1,73.7,1309,College graduate,47,"(35.68094058, -85.774490914)",2,Education,4EDUC,23,ADT1_1
2018,NE,Nebraska,Adult,Adults aged 18+ who have visited a dentist or dental clinic in the past year,Yes,BRFSS,%,Crude Prevalence,62.4,64.6,60.2,2816,H.S. or G.E.D.,31,"(41.641040988001, -99.365720623)",2,Education,2EDUC,21,ADT1_1
2018,NC,North Carolina,Adult,Adults aged 18+ who have visited a dentist or dental clinic in the past year,Yes,BRFSS,%,Crude Prevalence,83.4,85.6,81.2,1379,College graduate,37,"(35.466220975, -79.159250463)",2,Education,4EDUC,23,ADT1_1
2018,ID,Idaho,Adult,Adults aged 18+ who have visited a dentist or dental clinic in the past year,Yes,BRFSS,%,Crude Prevalence,76.5,80,73,998,College graduate,16,"(43.682630005, -116.363730042)",2,Education,4EDUC,23,ADT1_1
2018,PR,Puerto Rico,Adult,Adults aged 18+ who have visited a dentist or dental clinic in the past year,Yes,BRFSS,%,Crude Prevalence,78,80.5,75.5,1218,College graduate,72,"(18.220833, -66.590149)",2,Education,4EDUC,23,ADT1_1
2018,WI,Wisconsin,Adult,Adults aged 18+ who have visited a dentist or dental clinic in the past year,Yes,BRFSS,%,Crude Prevalence,64.8,68,61.6,989,H.S. or G.E.D.,55,"(44.393191174, -89.816370742)",2,Education,2EDUC,21,ADT1_1
2018,OH,Ohio,Adult,Adults aged 18+ who have visited a dentist or dental clinic in the past year,Yes,BRFSS,%,Crude Prevalence,62.7,64.9,60.5,2688,H.S. or G.E.D.,39,"(40.060210141, -82.404260056)",2,Education,2EDUC,21,ADT1_1
2018,OH,Ohio,Adult,Adults aged 18+ who have visited a dentist or dental clinic in the past year,Yes,BRFSS,%,Crude Prevalence,82.2,84,80.4,3109,College graduate,39,"(40.060210141, -82.404260056)",2,Education,4EDUC,23,ADT1_1
2018,WA,Washington,Adult,Adults aged 18+ who have visited a dentist or dental clinic in the past year,Yes,BRFSS,%,Crude Prevalence,62.5,64.8,60.2,1723,H.S. or G.E.D.,53,"(47.522278629, -120.47001079)",2,Education,2EDUC,21,ADT1_1
2018,SD,South Dakota,Adult,Adults aged 18+ who have visited a dentist or dental clinic in the past year,Yes,BRFSS,%,Crude Prevalence,58.5,62.5,54.5,1233,H.S. or G.E.D.,46,"(44.353130053, -100.373530637)",2,Education,2EDUC,21,ADT1_1
2018,NJ,New Jersey,Adult,Adults aged 18+ who have visited a dentist or dental clinic in the past year,Yes,BRFSS,%,Crude Prevalence,73.5,78.5,68.5,519,Some post H.S.,34,"(40.130570048, -74.273691288)",2,Education,3EDUC,22,ADT1_1
2018,MS,Mississippi,Adult,Adults aged 18+ who have visited a dentist or dental clinic in the past year,Yes,BRFSS,%,Crude Prevalence,72,75,69,1124,College graduate,28,"(32.745510099, -89.538030825)",2,Education,4EDUC,23,ADT1_1
2018,DE,Delaware,Adult,Adults aged 18+ who have visited a dentist or dental clinic in the past year,Yes,BRFSS,%,Crude Prevalence,43.1,49.3,36.9,201,Less than H.S.,10,"(39.008830667, -75.577741168)",2,Education,1EDUC,20,ADT1_1
2018,MI,Michigan,Adult,Adults aged 18+ who have visited a dentist or dental clinic in the past year,Yes,BRFSS,%,Crude Prevalence,65.5,67.7,63.3,1680,H.S. or G.E.D.,26,"(44.661319543001, -84.71439027)",2,Education,2EDUC,21,ADT1_1
2018,FL,Florida,Adult,Adults aged 18+ who have visited a dentist or dental clinic in the past year,Yes,BRFSS,%,Crude Prevalence,67.3,69.8,64.8,2763,Some post H.S.,12,"(28.932040377, -81.928960539)",2,Education,3EDUC,22,ADT1_1
2018,TN,Tennessee,Adult,Adults aged 18+ who have visited a dentist or dental clinic in the past year,Yes,BRFSS,%,Crude Prevalence,51.1,54.6,47.6,765,H.S. or G.E.D.,47,"(35.68094058, -85.774490914)",2,Education,2EDUC,21,ADT1_1
2018,NE,Nebraska,Adult,Adults aged 18+ who have visited a dentist or dental clinic in the past year,Yes,BRFSS,%,Crude Prevalence,81.6,83.3,79.9,3593,College graduate,31,"(41.641040988001, -99.365720623)",2,Education,4EDUC,23,ADT1_1
2018,ND,North Dakota,Adult,Adults aged 18+ who have visited a dentist or dental clinic in the past year,Yes,BRFSS,%,Crude Prevalence,82.7,84.9,80.5,1649,College graduate,38,"(47.475319779, -100.118421049)",2,Education,4EDUC,23,ADT1_1
2018,KS,Kansas,Adult,Adults aged 18+ who have visited a dentist or dental clinic in the past year,Yes,BRFSS,%,Crude Prevalence,67.4,69.4,65.4,2157,Some post H.S.,20,"(38.3477403, -98.200781227)",2,Education,3EDUC,22,ADT1_1
2018,UT,Utah,Adult,Adults aged 18+ who have visited a dentist or dental clinic in the past year,Yes,BRFSS,%,Crude Prevalence,83,84.4,81.6,3324,College graduate,49,"(39.360700171, -111.587130635)",2,Education,4EDUC,23,ADT1_1
2018,MA,Massachusetts,Adult,Adults aged 18+ who have visited a dentist or dental clinic in the past year,Yes,BRFSS,%,Crude Prevalence,83.1,84.7,81.5,2937,College graduate,25,"(42.27687047, -72.082690675)",2,Education,4EDUC,23,ADT1_1
2018,VT,Vermont,Adult,Adults aged 18+ who have visited a dentist or dental clinic in the past year,Yes,BRFSS,%,Crude Prevalence,84.6,86.4,82.8,2511,College graduate,50,"(43.625381239, -72.517640791)",2,Education,4EDUC,23,ADT1_1
2018,DE,Delaware,Adult,Adults aged 18+ who have visited a dentist or dental clinic in the past year,Yes,BRFSS,%,Crude Prevalence,84.9,87,82.8,1531,College graduate,10,"(39.008830667, -75.577741168)",2,Education,4EDUC,23,ADT1_1
2018,LA,Louisiana,Adult,Adults aged 18+ who have visited a dentist or dental clinic in the past year,Yes,BRFSS,%,Crude Prevalence,52.8,56.1,49.5,807,H.S. or G.E.D.,22,"(31.312660644, -92.445680071)",2,Education,2EDUC,21,ADT1_1
2018,LA,Louisiana,Adult,Adults aged 18+ who have visited a dentist or dental clinic in the past year,Yes,BRFSS,%,Crude Prevalence,62.7,66,59.4,771,Some post H.S.,22,"(31.312660644, -92.445680071)",2,Education,3EDUC,22,ADT1_1
2018,US,United States,Adult,Adults aged 18+ who have visited a dentist or dental clinic in the past year,Yes,BRFSS,%,Crude Prevalence,68,68.5,67.5,80382,Some post H.S.,US,,2,Education,3EDUC,22,ADT1_1
2018,MD,Maryland,Adult,Adults aged 18+ who have visited a dentist or dental clinic in the past year,Yes,BRFSS,%,Crude Prevalence,59.5,61.8,57.2,2593,H.S. or G.E.D.,24,"(39.290580964, -76.609260111)",2,Education,2EDUC,21,ADT1_1
2018,NM,New Mexico,Adult,Adults aged 18+ who have visited a dentist or dental clinic in the past year,Yes,BRFSS,%,Crude Prevalence,59.7,62.8,56.6,1008,H.S. or G.E.D.,35,"(34.520880952, -106.240580985)",2,Education,2EDUC,21,ADT1_1
2018,AL,Alabama,Adult,Adults aged 18+ who have visited a dentist or dental clinic in the past year,Yes,BRFSS,%,Crude Prevalence,64.3,67.2,61.4,1148,Some post H.S.,1,"(32.840571122, -86.631860762)",2,Education,3EDUC,22,ADT1_1
2018,PA,Pennsylvania,Adult,Adults aged 18+ who have visited a dentist or dental clinic in the past year,Yes,BRFSS,%,Crude Prevalence,71.8,74.6,69,1010,Some post H.S.,42,"(40.793730152, -77.860700294)",2,Education,3EDUC,22,ADT1_1
2018,HI,Hawaii,Adult,Adults aged 18+ who have visited a dentist or dental clinic in the past year,Yes,BRFSS,%,Crude Prevalence,60.6,67.7,53.5,176,Less than H.S.,15,"(21.304850435, -157.857749403)",2,Education,1EDUC,20,ADT1_1
2018,UT,Utah,Adult,Adults aged 18+ who have visited a dentist or dental clinic in the past year,Yes,BRFSS,%,Crude Prevalence,68.1,70.2,66,1711,H.S. or G.E.D.,49,"(39.360700171, -111.587130635)",2,Education,2EDUC,21,ADT1_1
2018,OK,Oklahoma,Adult,Adults aged 18+ who have visited a dentist or dental clinic in the past year,Yes,BRFSS,%,Crude Prevalence,54.5,57.7,51.3,792,H.S. or G.E.D.,40,"(35.472031356, -97.521070214)",2,Education,2EDUC,21,ADT1_1
2018,ME,Maine,Adult,Adults aged 18+ who have visited a dentist or dental clinic in the past year,Yes,BRFSS,%,Crude Prevalence,66,68.8,63.2,1875,Some post H.S.,23,"(45.254228894001, -68.985031336)",2,Education,3EDUC,22,ADT1_1
2018,UT,Utah,Adult,Adults aged 18+ who have visited a dentist or dental clinic in the past year,Yes,BRFSS,%,Crude Prevalence,46.5,51.7,41.3,246,Less than H.S.,49,"(39.360700171, -111.587130635)",2,Education,1EDUC,20,ADT1_1
2018,AR,Arkansas,Adult,Adults aged 18+ who have visited a dentist or dental clinic in the past year,Yes,BRFSS,%,Crude Prevalence,50.2,53.6,46.8,937,H.S. or G.E.D.,5,"(34.748650124, -92.274490743)",2,Education,2EDUC,21,ADT1_1
2018,IL,Illinois,Adult,Adults aged 18+ who have visited a dentist or dental clinic in the past year,Yes,BRFSS,%,Crude Prevalence,50.6,56.4,44.8,201,Less than H.S.,17,"(40.485010283, -88.997710178)",2,Education,1EDUC,20,ADT1_1
2018,WY,Wyoming,Adult,Adults aged 18+ who have visited a dentist or dental clinic in the past year,Yes,BRFSS,%,Crude Prevalence,68.8,71.8,65.8,1022,Some post H.S.,56,"(43.235541343, -108.109830353)",2,Education,3EDUC,22,ADT1_1
2018,OK,Oklahoma,Adult,Adults aged 18+ who have visited a dentist or dental clinic in the past year,Yes,BRFSS,%,Crude Prevalence,77.1,79.6,74.6,1318,College graduate,40,"(35.472031356, -97.521070214)",2,Education,4EDUC,23,ADT1_1
2018,TX,Texas,Adult,Adults aged 18+ who have visited a dentist or dental clinic in the past year,Yes,BRFSS,%,Crude Prevalence,63.2,66.6,59.8,1834,Some post H.S.,48,"(31.827240407, -99.426770206)",2,Education,3EDUC,22,ADT1_1
2018,TX,Texas,Adult,Adults aged 18+ who have visited a dentist or dental clinic in the past year,Yes,BRFSS,%,Crude Prevalence,54.5,58.4,50.6,1378,H.S. or G.E.D.,48,"(31.827240407, -99.426770206)",2,Education,2EDUC,21,ADT1_1
2018,NJ,New Jersey,Adult,Adults aged 18+ who have visited a dentist or dental clinic in the past year,Yes,BRFSS,%,Crude Prevalence,81.4,84.6,78.2,1124,College graduate,34,"(40.130570048, -74.273691288)",2,Education,4EDUC,23,ADT1_1
2018,NV,Nevada,Adult,Adults aged 18+ who have visited a dentist or dental clinic in the past year,Yes,BRFSS,%,Crude Prevalence,79,82.6,75.4,830,College graduate,32,"(39.49324039, -117.071840564)",2,Education,4EDUC,23,ADT1_1
2018,MI,Michigan,Adult,Adults aged 18+ who have visited a dentist or dental clinic in the past year,Yes,BRFSS,%,Crude Prevalence,72,73.9,70.1,2261,Some post H.S.,26,"(44.661319543001, -84.71439027)",2,Education,3EDUC,22,ADT1_1
2018,MO,Missouri,Adult,Adults aged 18+ who have visited a dentist or dental clinic in the past year,Yes,BRFSS,%,Crude Prevalence,58.2,61.3,55.1,1041,H.S. or G.E.D.,29,"(38.635790776, -92.566300053)",2,Education,2EDUC,21,ADT1_1
2018,MD,Maryland,Adult,Adults aged 18+ who have visited a dentist or dental clinic in the past year,Yes,BRFSS,%,Crude Prevalence,43.2,48,38.4,355,Less than H.S.,24,"(39.290580964, -76.609260111)",2,Education,1EDUC,20,ADT1_1
2018,AR,Arkansas,Adult,Adults aged 18+ who have visited a dentist or dental clinic in the past year,Yes,BRFSS,%,Crude Prevalence,77.2,80.3,74.1,1242,College graduate,5,"(34.748650124, -92.274490743)",2,Education,4EDUC,23,ADT1_1
2018,AL,Alabama,Adult,Adults aged 18+ who have visited a dentist or dental clinic in the past year,Yes,BRFSS,%,Crude Prevalence,34.8,39.6,30,222,Less than H.S.,1,"(32.840571122, -86.631860762)",2,Education,1EDUC,20,ADT1_1
2018,NH,New Hampshire,Adult,Adults aged 18+ who have visited a dentist or dental clinic in the past year,Yes,BRFSS,%,Crude Prevalence,68.6,71.9,65.3,984,Some post H.S.,33,"(43.655950113, -71.50036092)",2,Education,3EDUC,22,ADT1_1
2018,MS,Mississippi,Adult,Adults aged 18+ who have visited a dentist or dental clinic in the past year,Yes,BRFSS,%,Crude Prevalence,58,61.1,54.9,936,Some post H.S.,28,"(32.745510099, -89.538030825)",2,Education,3EDUC,22,ADT1_1
2018,SC,South Carolina,Adult,Adults aged 18+ who have visited a dentist or dental clinic in the past year,Yes,BRFSS,%,Crude Prevalence,54.9,57.4,52.4,1717,H.S. or G.E.D.,45,"(33.998821303, -81.045371207)",2,Education,2EDUC,21,ADT1_1
2018,TN,Tennessee,Adult,Adults aged 18+ who have visited a dentist or dental clinic in the past year,Yes,BRFSS,%,Crude Prevalence,30.5,36.1,24.9,132,Less than H.S.,47,"(35.68094058, -85.774490914)",2,Education,1EDUC,20,ADT1_1
2018,NC,North Carolina,Adult,Adults aged 18+ who have visited a dentist or dental clinic in the past year,Yes,BRFSS,%,Crude Prevalence,41.1,46.7,35.5,197,Less than H.S.,37,"(35.466220975, -79.159250463)",2,Education,1EDUC,20,ADT1_1
2018,TX,Texas,Adult,Adults aged 18+ who have visited a dentist or dental clinic in the past year,Yes,BRFSS,%,Crude Prevalence,42.4,48.6,36.2,434,Less than H.S.,48,"(31.827240407, -99.426770206)",2,Education,1EDUC,20,ADT1_1
2018,KS,Kansas,Adult,Adults aged 18+ who have visited a dentist or dental clinic in the past year,Yes,BRFSS,%,Crude Prevalence,82.2,83.6,80.8,3432,College graduate,20,"(38.3477403, -98.200781227)",2,Education,4EDUC,23,ADT1_1
2018,MT,Montana,Adult,Adults aged 18+ who have visited a dentist or dental clinic in the past year,Yes,BRFSS,%,Crude Prevalence,59.5,62.9,56.1,853,H.S. or G.E.D.,30,"(47.066528972, -109.424420645)",2,Education,2EDUC,21,ADT1_1
2018,WV,West Virginia,Adult,Adults aged 18+ who have visited a dentist or dental clinic in the past year,Yes,BRFSS,%,Crude Prevalence,50.3,53.2,47.4,841,H.S. or G.E.D.,54,"(38.665510202, -80.712640135)",2,Education,2EDUC,21,ADT1_1
2018,ID,Idaho,Adult,Adults aged 18+ who have visited a dentist or dental clinic in the past year,Yes,BRFSS,%,Crude Prevalence,50.2,57.9,42.5,125,Less than H.S.,16,"(43.682630005, -116.363730042)",2,Education,1EDUC,20,ADT1_1
2018,NY,New York,Adult,Adults aged 18+ who have visited a dentist or dental clinic in the past year,Yes,BRFSS,%,Crude Prevalence,69.9,71.6,68.2,6408,Some post H.S.,36,"(42.827001032, -75.543970427)",2,Education,3EDUC,22,ADT1_1
2018,OR,Oregon,Adult,Adults aged 18+ who have visited a dentist or dental clinic in the past year,Yes,BRFSS,%,Crude Prevalence,52.1,58.4,45.8,177,Less than H.S.,41,"(44.567449424, -120.155031326)",2,Education,1EDUC,20,ADT1_1
2018,AL,Alabama,Adult,Adults aged 18+ who have visited a dentist or dental clinic in the past year,Yes,BRFSS,%,Crude Prevalence,79.2,81.5,76.9,1633,College graduate,1,"(32.840571122, -86.631860762)",2,Education,4EDUC,23,ADT1_1
2018,MA,Massachusetts,Adult,Adults aged 18+ who have visited a dentist or dental clinic in the past year,Yes,BRFSS,%,Crude Prevalence,67.6,70.8,64.4,803,H.S. or G.E.D.,25,"(42.27687047, -72.082690675)",2,Education,2EDUC,21,ADT1_1
2018,WI,Wisconsin,Adult,Adults aged 18+ who have visited a dentist or dental clinic in the past year,Yes,BRFSS,%,Crude Prevalence,55,63.1,46.9,120,Less than H.S.,55,"(44.393191174, -89.816370742)",2,Education,1EDUC,20,ADT1_1
2018,GA,Georgia,Adult,Adults aged 18+ who have visited a dentist or dental clinic in the past year,Yes,BRFSS,%,Crude Prevalence,64.4,66.8,62,1498,Some post H.S.,13,"(32.839681093, -83.627580346)",2,Education,3EDUC,22,ADT1_1
2018,IN,Indiana,Adult,Adults aged 18+ who have visited a dentist or dental clinic in the past year,Yes,BRFSS,%,Crude Prevalence,80.6,82.7,78.5,1985,College graduate,18,"(39.766910452, -86.149960194)",2,Education,4EDUC,23,ADT1_1
2018,US,United States,Adult,Adults aged 18+ who have visited a dentist or dental clinic in the past year,Yes,BRFSS,%,Crude Prevalence,80,80.4,79.6,132720,College graduate,US,,2,Education,4EDUC,23,ADT1_1
2018,WV,West Virginia,Adult,Adults aged 18+ who have visited a dentist or dental clinic in the past year,Yes,BRFSS,%,Crude Prevalence,59.6,62.9,56.3,777,Some post H.S.,54,"(38.665510202, -80.712640135)",2,Education,3EDUC,22,ADT1_1
2018,WI,Wisconsin,Adult,Adults aged 18+ who have visited a dentist or dental clinic in the past year,Yes,BRFSS,%,Crude Prevalence,73,76,70,1044,Some post H.S.,55,"(44.393191174, -89.816370742)",2,Education,3EDUC,22,ADT1_1
2018,WA,Washington,Adult,Adults aged 18+ who have visited a dentist or dental clinic in the past year,Yes,BRFSS,%,Crude Prevalence,80.3,81.8,78.8,4403,College graduate,53,"(47.522278629, -120.47001079)",2,Education,4EDUC,23,ADT1_1
2018,LA,Louisiana,Adult,Adults aged 18+ who have visited a dentist or dental clinic in the past year,Yes,BRFSS,%,Crude Prevalence,73.1,75.7,70.5,1253,College graduate,22,"(31.312660644, -92.445680071)",2,Education,4EDUC,23,ADT1_1
2018,TX,Texas,Adult,Adults aged 18+ who have visited a dentist or dental clinic in the past year,Yes,BRFSS,%,Crude Prevalence,75.9,78.6,73.2,3212,College graduate,48,"(31.827240407, -99.426770206)",2,Education,4EDUC,23,ADT1_1
2018,VA,Virginia,Adult,Adults aged 18+ who have visited a dentist or dental clinic in the past year,Yes,BRFSS,%,Crude Prevalence,65.6,68.2,63,1546,H.S. or G.E.D.,51,"(37.542680674, -78.457890463)",2,Education,2EDUC,21,ADT1_1
2018,PA,Pennsylvania,Adult,Adults aged 18+ who have visited a dentist or dental clinic in the past year,Yes,BRFSS,%,Crude Prevalence,81.7,83.5,79.9,2030,College graduate,42,"(40.793730152, -77.860700294)",2,Education,4EDUC,23,ADT1_1
2018,CT,Connecticut,Adult,Adults aged 18+ who have visited a dentist or dental clinic in the past year,Yes,BRFSS,%,Crude Prevalence,60.3,65.5,55.1,282,Less than H.S.,9,"(41.56266102, -72.649840952)",2,Education,1EDUC,20,ADT1_1
2018,WY,Wyoming,Adult,Adults aged 18+ who have visited a dentist or dental clinic in the past year,Yes,BRFSS,%,Crude Prevalence,81.7,84.2,79.2,1242,College graduate,56,"(43.235541343, -108.109830353)",2,Education,4EDUC,23,ADT1_1
2018,AZ,Arizona,Adult,Adults aged 18+ who have visited a dentist or dental clinic in the past year,Yes,BRFSS,%,Crude Prevalence,55.6,59.1,52.1,1048,H.S. or G.E.D.,4,"(34.86597028, -111.763811277)",2,Education,2EDUC,21,ADT1_1
2018,WY,Wyoming,Adult,Adults aged 18+ who have visited a dentist or dental clinic in the past year,Yes,BRFSS,%,Crude Prevalence,46.5,54.9,38.1,97,Less than H.S.,56,"(43.235541343, -108.109830353)",2,Education,1EDUC,20,ADT1_1
2018,SD,South Dakota,Adult,Adults aged 18+ who have visited a dentist or dental clinic in the past year,Yes,BRFSS,%,Crude Prevalence,57,66.3,47.7,201,Less than H.S.,46,"(44.353130053, -100.373530637)",2,Education,1EDUC,20,ADT1_1
2018,IA,Iowa,Adult,Adults aged 18+ who have visited a dentist or dental clinic in the past year,Yes,BRFSS,%,Crude Prevalence,72.3,74.2,70.4,1958,Some post H.S.,19,"(42.469400913, -93.816490556)",2,Education,3EDUC,22,ADT1_1
2018,WV,West Virginia,Adult,Adults aged 18+ who have visited a dentist or dental clinic in the past year,Yes,BRFSS,%,Crude Prevalence,76.8,79.5,74.1,1105,College graduate,54,"(38.665510202, -80.712640135)",2,Education,4EDUC,23,ADT1_1
2018,NH,New Hampshire,Adult,Adults aged 18+ who have visited a dentist or dental clinic in the past year,Yes,BRFSS,%,Crude Prevalence,60.9,64.4,57.4,915,H.S. or G.E.D.,33,"(43.655950113, -71.50036092)",2,Education,2EDUC,21,ADT1_1
2018,OK,Oklahoma,Adult,Adults aged 18+ who have visited a dentist or dental clinic in the past year,Yes,BRFSS,%,Crude Prevalence,64.3,67.2,61.4,1024,Some post H.S.,40,"(35.472031356, -97.521070214)",2,Education,3EDUC,22,ADT1_1
2018,MN,Minnesota,Adult,Adults aged 18+ who have visited a dentist or dental clinic in the past year,Yes,BRFSS,%,Crude Prevalence,68,69.7,66.3,2659,H.S. or G.E.D.,27,"(46.355648736, -94.794200503)",2,Education,2EDUC,21,ADT1_1
2018,OH,Ohio,Adult,Adults aged 18+ who have visited a dentist or dental clinic in the past year,Yes,BRFSS,%,Crude Prevalence,41.1,46.3,35.9,316,Less than H.S.,39,"(40.060210141, -82.404260056)",2,Education,1EDUC,20,ADT1_1
2018,WA,Washington,Adult,Adults aged 18+ who have visited a dentist or dental clinic in the past year,Yes,BRFSS,%,Crude Prevalence,69.9,71.8,68,2745,Some post H.S.,53,"(47.522278629, -120.47001079)",2,Education,3EDUC,22,ADT1_1
2018,CA,California,Adult,Adults aged 18+ who have visited a dentist or dental clinic in the past year,Yes,BRFSS,%,Crude Prevalence,49.3,52.3,46.3,795,Less than H.S.,6,"(37.638640123, -120.999999538)",2,Education,1EDUC,20,ADT1_1
2018,NH,New Hampshire,Adult,Adults aged 18+ who have visited a dentist or dental clinic in the past year,Yes,BRFSS,%,Crude Prevalence,84.4,86.5,82.3,2106,College graduate,33,"(43.655950113, -71.50036092)",2,Education,4EDUC,23,ADT1_1
2018,RI,Rhode Island,Adult,Adults aged 18+ who have visited a dentist or dental clinic in the past year,Yes,BRFSS,%,Crude Prevalence,83.7,85.9,81.5,2029,College graduate,44,"(41.708280193, -71.522470314)",2,Education,4EDUC,23,ADT1_1
2018,MN,Minnesota,Adult,Adults aged 18+ who have visited a dentist or dental clinic in the past year,Yes,BRFSS,%,Crude Prevalence,83.4,84.4,82.4,5859,College graduate,27,"(46.355648736, -94.794200503)",2,Education,4EDUC,23,ADT1_1
2018,RI,Rhode Island,Adult,Adults aged 18+ who have visited a dentist or dental clinic in the past year,Yes,BRFSS,%,Crude Prevalence,48.6,55,42.2,164,Less than H.S.,44,"(41.708280193, -71.522470314)",2,Education,1EDUC,20,ADT1_1
2018,CO,Colorado,Adult,Adults aged 18+ who have visited a dentist or dental clinic in the past year,Yes,BRFSS,%,Crude Prevalence,80.4,81.9,78.9,3276,College graduate,8,"(38.843840757, -106.133610921)",2,Education,4EDUC,23,ADT1_1
2018,MO,Missouri,Adult,Adults aged 18+ who have visited a dentist or dental clinic in the past year,Yes,BRFSS,%,Crude Prevalence,78.8,81.2,76.4,1566,College graduate,29,"(38.635790776, -92.566300053)",2,Education,4EDUC,23,ADT1_1
2018,MI,Michigan,Adult,Adults aged 18+ who have visited a dentist or dental clinic in the past year,Yes,BRFSS,%,Crude Prevalence,84,85.4,82.6,3308,College graduate,26,"(44.661319543001, -84.71439027)",2,Education,4EDUC,23,ADT1_1
2018,HI,Hawaii,Adult,Adults aged 18+ who have visited a dentist or dental clinic in the past year,Yes,BRFSS,%,Crude Prevalence,85.4,86.9,83.9,2771,College graduate,15,"(21.304850435, -157.857749403)",2,Education,4EDUC,23,ADT1_1
2018,MN,Minnesota,Adult,Adults aged 18+ who have visited a dentist or dental clinic in the past year,Yes,BRFSS,%,Crude Prevalence,73.9,75.3,72.5,3753,Some post H.S.,27,"(46.355648736, -94.794200503)",2,Education,3EDUC,22,ADT1_1
2018,IN,Indiana,Adult,Adults aged 18+ who have visited a dentist or dental clinic in the past year,Yes,BRFSS,%,Crude Prevalence,67.4,70.1,64.7,1307,Some post H.S.,18,"(39.766910452, -86.149960194)",2,Education,3EDUC,22,ADT1_1
2018,MA,Massachusetts,Adult,Adults aged 18+ who have visited a dentist or dental clinic in the past year,Yes,BRFSS,%,Crude Prevalence,52.9,59.9,45.9,166,Less than H.S.,25,"(42.27687047, -72.082690675)",2,Education,1EDUC,20,ADT1_1
2018,MO,Missouri,Adult,Adults aged 18+ who have visited a dentist or dental clinic in the past year,Yes,BRFSS,%,Crude Prevalence,37.7,44.5,30.9,156,Less than H.S.,29,"(38.635790776, -92.566300053)",2,Education,1EDUC,20,ADT1_1
2018,IN,Indiana,Adult,Adults aged 18+ who have visited a dentist or dental clinic in the past year,Yes,BRFSS,%,Crude Prevalence,45.8,51.2,40.4,226,Less than H.S.,18,"(39.766910452, -86.149960194)",2,Education,1EDUC,20,ADT1_1
2018,VT,Vermont,Adult,Adults aged 18+ who have visited a dentist or dental clinic in the past year,Yes,BRFSS,%,Crude Prevalence,73.1,76.3,69.9,1092,Some post H.S.,50,"(43.625381239, -72.517640791)",2,Education,3EDUC,22,ADT1_1
2018,IN,Indiana,Adult,Adults aged 18+ who have visited a dentist or dental clinic in the past year,Yes,BRFSS,%,Crude Prevalence,57,59.5,54.5,1420,H.S. or G.E.D.,18,"(39.766910452, -86.149960194)",2,Education,2EDUC,21,ADT1_1
2018,MT,Montana,Adult,Adults aged 18+ who have visited a dentist or dental clinic in the past year,Yes,BRFSS,%,Crude Prevalence,53.3,61.2,45.4,156,Less than H.S.,30,"(47.066528972, -109.424420645)",2,Education,1EDUC,20,ADT1_1
2018,FL,Florida,Adult,Adults aged 18+ who have visited a dentist or dental clinic in the past year,Yes,BRFSS,%,Crude Prevalence,59.2,62.3,56.1,2455,H.S. or G.E.D.,12,"(28.932040377, -81.928960539)",2,Education,2EDUC,21,ADT1_1
2018,MT,Montana,Adult,Adults aged 18+ who have visited a dentist or dental clinic in the past year,Yes,BRFSS,%,Crude Prevalence,66.9,70,63.8,1031,Some post H.S.,30,"(47.066528972, -109.424420645)",2,Education,3EDUC,22,ADT1_1
2018,HI,Hawaii,Adult,Adults aged 18+ who have visited a dentist or dental clinic in the past year,Yes,BRFSS,%,Crude Prevalence,68.7,71.3,66.1,1311,H.S. or G.E.D.,15,"(21.304850435, -157.857749403)",2,Education,2EDUC,21,ADT1_1
2018,FL,Florida,Adult,Adults aged 18+ who have visited a dentist or dental clinic in the past year,Yes,BRFSS,%,Crude Prevalence,78.4,80.5,76.3,3499,College graduate,12,"(28.932040377, -81.928960539)",2,Education,4EDUC,23,ADT1_1
2018,PA,Pennsylvania,Adult,Adults aged 18+ who have visited a dentist or dental clinic in the past year,Yes,BRFSS,%,Crude Prevalence,65.2,67.9,62.5,1127,H.S. or G.E.D.,42,"(40.793730152, -77.860700294)",2,Education,2EDUC,21,ADT1_1
2018,KY,Kentucky,Adult,Adults aged 18+ who have visited a dentist or dental clinic in the past year,Yes,BRFSS,%,Crude Prevalence,35.6,41.5,29.7,223,Less than H.S.,21,"(37.645970271, -84.774971048)",2,Education,1EDUC,20,ADT1_1
2018,MA,Massachusetts,Adult,Adults aged 18+ who have visited a dentist or dental clinic in the past year,Yes,BRFSS,%,Crude Prevalence,76.4,79,73.8,1107,Some post H.S.,25,"(42.27687047, -72.082690675)",2,Education,3EDUC,22,ADT1_1
2018,NV,Nevada,Adult,Adults aged 18+ who have visited a dentist or dental clinic in the past year,Yes,BRFSS,%,Crude Prevalence,68.4,72.4,64.4,649,Some post H.S.,32,"(39.49324039, -117.071840564)",2,Education,3EDUC,22,ADT1_1
2018,CT,Connecticut,Adult,Adults aged 18+ who have visited a dentist or dental clinic in the past year,Yes,BRFSS,%,Crude Prevalence,72.2,74.5,69.9,1719,H.S. or G.E.D.,9,"(41.56266102, -72.649840952)",2,Education,2EDUC,21,ADT1_1
2018,NM,New Mexico,Adult,Adults aged 18+ who have visited a dentist or dental clinic in the past year,Yes,BRFSS,%,Crude Prevalence,49.6,54.2,45,386,Less than H.S.,35,"(34.520880952, -106.240580985)",2,Education,1EDUC,20,ADT1_1
2018,OH,Ohio,Adult,Adults aged 18+ who have visited a dentist or dental clinic in the past year,Yes,BRFSS,%,Crude Prevalence,69.6,71.8,67.4,2373,Some post H.S.,39,"(40.060210141, -82.404260056)",2,Education,3EDUC,22,ADT1_1
2018,ME,Maine,Adult,Adults aged 18+ who have visited a dentist or dental clinic in the past year,Yes,BRFSS,%,Crude Prevalence,83,84.8,81.2,3531,College graduate,23,"(45.254228894001, -68.985031336)",2,Education,4EDUC,23,ADT1_1
2018,MS,Mississippi,Adult,Adults aged 18+ who have visited a dentist or dental clinic in the past year,Yes,BRFSS,%,Crude Prevalence,49.9,53.1,46.7,802,H.S. or G.E.D.,28,"(32.745510099, -89.538030825)",2,Education,2EDUC,21,ADT1_1
2018,US,United States,Adult,Adults aged 18+ who have visited a dentist or dental clinic in the past year,Yes,BRFSS,%,Crude Prevalence,60.8,61.4,60.2,68834,H.S. or G.E.D.,US,,2,Education,2EDUC,21,ADT1_1
2018,IA,Iowa,Adult,Adults aged 18+ who have visited a dentist or dental clinic in the past year,Yes,BRFSS,%,Crude Prevalence,50.7,55.9,45.5,238,Less than H.S.,19,"(42.469400913, -93.816490556)",2,Education,1EDUC,20,ADT1_1
2018,PA,Pennsylvania,Adult,Adults aged 18+ who have visited a dentist or dental clinic in the past year,Yes,BRFSS,%,Crude Prevalence,46.6,53.6,39.6,137,Less than H.S.,42,"(40.793730152, -77.860700294)",2,Education,1EDUC,20,ADT1_1
2018,KY,Kentucky,Adult,Adults aged 18+ who have visited a dentist or dental clinic in the past year,Yes,BRFSS,%,Crude Prevalence,66.2,69.2,63.2,1539,Some post H.S.,21,"(37.645970271, -84.774971048)",2,Education,3EDUC,22,ADT1_1
2018,NY,New York,Adult,Adults aged 18+ who have visited a dentist or dental clinic in the past year,Yes,BRFSS,%,Crude Prevalence,55.2,58.4,52,1194,Less than H.S.,36,"(42.827001032, -75.543970427)",2,Education,1EDUC,20,ADT1_1
2018,OK,Oklahoma,Adult,Adults aged 18+ who have visited a dentist or dental clinic in the past year,Yes,BRFSS,%,Crude Prevalence,36.1,41.9,30.3,137,Less than H.S.,40,"(35.472031356, -97.521070214)",2,Education,1EDUC,20,ADT1_1
2018,NE,Nebraska,Adult,Adults aged 18+ who have visited a dentist or dental clinic in the past year,Yes,BRFSS,%,Crude Prevalence,46.7,51.4,42,469,Less than H.S.,31,"(41.641040988001, -99.365720623)",2,Education,1EDUC,20,ADT1_1
2018,PR,Puerto Rico,Adult,Adults aged 18+ who have visited a dentist or dental clinic in the past year,Yes,BRFSS,%,Crude Prevalence,55.7,60.1,51.3,383,Less than H.S.,72,"(18.220833, -66.590149)",2,Education,1EDUC,20,ADT1_1
2018,IL,Illinois,Adult,Adults aged 18+ who have visited a dentist or dental clinic in the past year,Yes,BRFSS,%,Crude Prevalence,63.4,66.6,60.2,766,H.S. or G.E.D.,17,"(40.485010283, -88.997710178)",2,Education,2EDUC,21,ADT1_1
2018,RI,Rhode Island,Adult,Adults aged 18+ who have visited a dentist or dental clinic in the past year,Yes,BRFSS,%,Crude Prevalence,67.1,70.7,63.5,874,H.S. or G.E.D.,44,"(41.708280193, -71.522470314)",2,Education,2EDUC,21,ADT1_1
2018,MD,Maryland,Adult,Adults aged 18+ who have visited a dentist or dental clinic in the past year,Yes,BRFSS,%,Crude Prevalence,79.7,81.1,78.3,6662,College graduate,24,"(39.290580964, -76.609260111)",2,Education,4EDUC,23,ADT1_1
2018,WI,Wisconsin,Adult,Adults aged 18+ who have visited a dentist or dental clinic in the past year,Yes,BRFSS,%,Crude Prevalence,82.2,84.7,79.7,1462,College graduate,55,"(44.393191174, -89.816370742)",2,Education,4EDUC,23,ADT1_1
2018,SC,South Carolina,Adult,Adults aged 18+ who have visited a dentist or dental clinic in the past year,Yes,BRFSS,%,Crude Prevalence,34.2,38.3,30.1,352,Less than H.S.,45,"(33.998821303, -81.045371207)",2,Education,1EDUC,20,ADT1_1
2018,KS,Kansas,Adult,Adults aged 18+ who have visited a dentist or dental clinic in the past year,Yes,BRFSS,%,Crude Prevalence,47.8,53.2,42.4,236,Less than H.S.,20,"(38.3477403, -98.200781227)",2,Education,1EDUC,20,ADT1_1
2018,MN,Minnesota,Adult,Adults aged 18+ who have visited a dentist or dental clinic in the past year,Yes,BRFSS,%,Crude Prevalence,55,59.3,50.7,371,Less than H.S.,27,"(46.355648736, -94.794200503)",2,Education,1EDUC,20,ADT1_1
2018,OR,Oregon,Adult,Adults aged 18+ who have visited a dentist or dental clinic in the past year,Yes,BRFSS,%,Crude Prevalence,67.3,69.8,64.8,1211,Some post H.S.,41,"(44.567449424, -120.155031326)",2,Education,3EDUC,22,ADT1_1
2018,DC,District Columbia,Adult,Adults aged 18+ who have visited a dentist or dental clinic in the past year,Yes,BRFSS,%,Crude Prevalence,81,83,79,2228,College graduate,11,"(38.890371385, -77.031961127)",2,Education,4EDUC,23,ADT1_1
2018,WY,Wyoming,Adult,Adults aged 18+ who have visited a dentist or dental clinic in the past year,Yes,BRFSS,%,Crude Prevalence,60.2,63.6,56.8,754,H.S. or G.E.D.,56,"(43.235541343, -108.109830353)",2,Education,2EDUC,21,ADT1_1
2018,DE,Delaware,Adult,Adults aged 18+ who have visited a dentist or dental clinic in the past year,Yes,BRFSS,%,Crude Prevalence,67.7,71,64.4,866,Some post H.S.,10,"(39.008830667, -75.577741168)",2,Education,3EDUC,22,ADT1_1
2018,KY,Kentucky,Adult,Adults aged 18+ who have visited a dentist or dental clinic in the past year,Yes,BRFSS,%,Crude Prevalence,58.2,61.3,55.1,1395,H.S. or G.E.D.,21,"(37.645970271, -84.774971048)",2,Education,2EDUC,21,ADT1_1
2018,CO,Colorado,Adult,Adults aged 18+ who have visited a dentist or dental clinic in the past year,Yes,BRFSS,%,Crude Prevalence,59.6,62.2,57,1124,H.S. or G.E.D.,8,"(38.843840757, -106.133610921)",2,Education,2EDUC,21,ADT1_1
2018,NV,Nevada,Adult,Adults aged 18+ who have visited a dentist or dental clinic in the past year,Yes,BRFSS,%,Crude Prevalence,57.7,62.4,53,472,H.S. or G.E.D.,32,"(39.49324039, -117.071840564)",2,Education,2EDUC,21,ADT1_1
2018,OR,Oregon,Adult,Adults aged 18+ who have visited a dentist or dental clinic in the past year,Yes,BRFSS,%,Crude Prevalence,59.7,62.9,56.5,809,H.S. or G.E.D.,41,"(44.567449424, -120.155031326)",2,Education,2EDUC,21,ADT1_1
2018,GU,Guam,Adult,Adults aged 18+ who have visited a dentist or dental clinic in the past year,Yes,BRFSS,%,Crude Prevalence,53.6,59,48.2,313,H.S. or G.E.D.,66,"(13.444304, 164.793731)",2,Education,2EDUC,21,ADT1_1
2018,NJ,New Jersey,Adult,Adults aged 18+ who have visited a dentist or dental clinic in the past year,Yes,BRFSS,%,Crude Prevalence,69.8,74.8,64.8,500,H.S. or G.E.D.,34,"(40.130570048, -74.273691288)",2,Education,2EDUC,21,ADT1_1
2018,GA,Georgia,Adult,Adults aged 18+ who have visited a dentist or dental clinic in the past year,Yes,BRFSS,%,Crude Prevalence,79.3,80.9,77.7,2740,College graduate,13,"(32.839681093, -83.627580346)",2,Education,4EDUC,23,ADT1_1
2018,CA,California,Adult,Adults aged 18+ who have visited a dentist or dental clinic in the past year,Yes,BRFSS,%,Crude Prevalence,69.2,71.3,67.1,1938,Some post H.S.,6,"(37.638640123, -120.999999538)",2,Education,3EDUC,22,ADT1_1
2018,NH,New Hampshire,Adult,Adults aged 18+ who have visited a dentist or dental clinic in the past year,Yes,BRFSS,%,Crude Prevalence,31.1,39.5,22.7,72,Less than H.S.,33,"(43.655950113, -71.50036092)",2,Education,1EDUC,20,ADT1_1
2018,AZ,Arizona,Adult,Adults aged 18+ who have visited a dentist or dental clinic in the past year,Yes,BRFSS,%,Crude Prevalence,76.7,79.1,74.3,2232,College graduate,4,"(34.86597028, -111.763811277)",2,Education,4EDUC,23,ADT1_1
2018,SC,South Carolina,Adult,Adults aged 18+ who have visited a dentist or dental clinic in the past year,Yes,BRFSS,%,Crude Prevalence,66.1,68.5,63.7,1945,Some post H.S.,45,"(33.998821303, -81.045371207)",2,Education,3EDUC,22,ADT1_1
2018,MT,Montana,Adult,Adults aged 18+ who have visited a dentist or dental clinic in the past year,Yes,BRFSS,%,Crude Prevalence,76.9,79.5,74.3,1357,College graduate,30,"(47.066528972, -109.424420645)",2,Education,4EDUC,23,ADT1_1